Grupo,Categoria,Nombre,Precio,Cantidad,unidad-medida,Precio-und-medida
"Aceite, especias y salsas >","Aceite, vinagre y sal","Aceite de oliva 0,4º Hacendado","24,00 €",/ud.,Garrafa 5 L ," 4,80 €/L"
"Aceite, especias y salsas >","Aceite, vinagre y sal","Aceite de oliva 0,4º Hacendado","5,00 €",/ud.,Botella 1 L ," 5,00 €/L"
"Aceite, especias y salsas >","Aceite, vinagre y sal",Aceite de oliva virgen extra Hacendado,"18,00 €",/ud.,Garrafa 3 L ," 6,00 €/L"
"Aceite, especias y salsas >","Aceite, vinagre y sal",Aceite de oliva virgen extra Hacendado,"6,05 €",/ud.,Botella 1 L ," 6,05 €/L"
"Aceite, especias y salsas >","Aceite, vinagre y sal",Aceite de oliva virgen extra Hacendado Gran Selección,"5,15 €",/ud.,Botella 750 ml ," 6,867 €/L"
"Aceite, especias y salsas >","Aceite, vinagre y sal",Aceite de oliva 1º Hacendado,"24,00 €",/ud.,Garrafa 5 L ," 4,80 €/L"
"Aceite, especias y salsas >","Aceite, vinagre y sal",Aceite de oliva 1º Hacendado,"5,00 €",/ud.,Botella 1 L ," 5,00 €/L"
"Aceite, especias y salsas >","Aceite, vinagre y sal",Aceite de oliva virgen Hacendado,"16,20 €",/ud.,Garrafa 3 L ," 5,40 €/L"
"Aceite, especias y salsas >","Aceite, vinagre y sal",Aceite de oliva virgen Hacendado,"5,55 €",/ud.,Botella 1 L ," 5,55 €/L"
"Aceite, especias y salsas >","Aceite, vinagre y sal",Aceite de oliva virgen extra Hacendado,"2,40 €",/ud.,Spray 200 ml ," 12,00 €/L"
"Aceite, especias y salsas >","Aceite, vinagre y sal",Aceite de oliva virgen extra Picual Casa Juncal,"4,68 €",/ud.,Botella 500 ml ," 9,36 €/L"
"Aceite, especias y salsas >","Aceite, vinagre y sal","Aceite de girasol refinado 0,2º Hacendado","8,75 €",/ud.,Garrafa 5 L ," 1,75 €/L"
"Aceite, especias y salsas >","Aceite, vinagre y sal","Aceite de girasol refinado 0,2º Hacendado","1,85 €",/ud.,Botella 1 L ," 1,85 €/L"
"Aceite, especias y salsas >","Aceite, vinagre y sal",Aceite de coco virgen Hacendado,"4,40 €",/ud.,Bote 450 ml ," 9,778 €/L"
"Aceite, especias y salsas >","Aceite, vinagre y sal",Vinagre de vino blanco Hacendado,"0,65 €",/ud.,Botella 1 L ," 0,65 €/L"
"Aceite, especias y salsas >","Aceite, vinagre y sal",Vinagre balsámico de Módena Hacendado,"1,15 €",/ud.,Botella 250 ml ," 4,60 €/L"
"Aceite, especias y salsas >","Aceite, vinagre y sal",Vinagre de manzana Hacendado,"0,80 €",/ud.,Botella 1 L ," 0,80 €/L"
"Aceite, especias y salsas >","Aceite, vinagre y sal",Limón exprimido Hacendado,"0,95 €",/ud.,Botella 280 ml ," 3,393 €/L"
"Aceite, especias y salsas >","Aceite, vinagre y sal",Crema de vinagre balsámico de Módena Hacendado,"1,65 €",/ud.,Botella 250 g ," 6,60 €/kg"
"Aceite, especias y salsas >","Aceite, vinagre y sal",Vinagre de Jerez reserva Hacendado,"1,80 €",/ud.,Botella 250 ml ," 7,20 €/L"
"Aceite, especias y salsas >","Aceite, vinagre y sal",Reducción de vinagre Pedro Ximénez Hacendado,"2,25 €",/ud.,Botella 300 g ," 7,50 €/kg"
"Aceite, especias y salsas >","Aceite, vinagre y sal","Aceite de oliva, vinagre y sal Merry 5 monodosis 10 ml aceite de oliva virgen extra, 5 monodosis 10 ml vinagre de jerez y 5 monodosis 1 gr sal","2,00 €",/pack,15 monodosis x 10 ml ," 20,00 €/L"
"Aceite, especias y salsas >","Aceite, vinagre y sal",Crema de vinagre balsámico de manzana Hacendado,"2,70 €",/ud.,Botella 250 g ," 10,80 €/kg"
"Aceite, especias y salsas >","Aceite, vinagre y sal",Sal fina Hacendado,"0,30 €",/ud.,Paquete 1 kg ," 0,30 €/kg"
"Aceite, especias y salsas >","Aceite, vinagre y sal",Sal fina de mesa Hacendado,"0,50 €",/ud.,Bote 250 g ," 2,00 €/kg"
"Aceite, especias y salsas >","Aceite, vinagre y sal",Sal yodada fina Hacendado,"0,30 €",/ud.,Paquete 1 kg ," 0,30 €/kg"
"Aceite, especias y salsas >","Aceite, vinagre y sal",Sal gruesa Hacendado,"0,30 €",/ud.,Paquete 1 kg ," 0,30 €/kg"
"Aceite, especias y salsas >","Aceite, vinagre y sal",Bicarbonato sódico Hacendado,"1,50 €",/ud.,Paquete 1 kg ," 1,50 €/kg"
"Aceite, especias y salsas >","Aceite, vinagre y sal",Bicarbonato sódico Hacendado,"1,10 €",/ud.,Bote 300 g ," 3,667 €/kg"
"Aceite, especias y salsas >","Aceite, vinagre y sal",Sal marina en escamas Polasal,"1,95 €",/ud.,Bote 125 g ," 15,60 €/kg"
"Aceite, especias y salsas >","Aceite, vinagre y sal",Sal gruesa para hornear Hacendado,"0,95 €",/ud.,Paquete 2 kg ," 0,475 €/kg"
"Aceite, especias y salsas >","Aceite, vinagre y sal",Sal de ajo Hacendado,"1,75 €",/ud.,Bote 130 g ," 13,462 €/kg"
"Aceite, especias y salsas >","Aceite, vinagre y sal",Sal de frutas sabor limón Hacendado,"2,00 €",/ud.,Bote 250 g ," 8,00 €/kg"
"Aceite, especias y salsas >","Aceite, vinagre y sal",Sal 60% menos de sodio Hacendado,"2,10 €",/ud.,Bote 250 g ," 8,40 €/kg"
"Aceite, especias y salsas >","Aceite, vinagre y sal",Preparado para salmón ahumado Hacendado,"3,30 €",/ud.,Bote 750 g ," 4,40 €/kg"
"Aceite, especias y salsas >","Aceite, vinagre y sal",Sal rosa del Himalaya Hacendado,"1,80 €",/ud.,Bote 250 g ," 7,20 €/kg"
"Aceite, especias y salsas >",Especias,Orégano Hacendado,"0,65 €",/ud.,Bote 18 g ," 3,612 €/100 g"
"Aceite, especias y salsas >",Especias,Perejil Hacendado,"0,75 €",/ud.,Bote 14 g ," 5,358 €/100 g"
"Aceite, especias y salsas >",Especias,Hoja de laurel Hacendado,"0,80 €",/ud.,Paquete 12 g ," 6,667 €/100 g"
"Aceite, especias y salsas >",Especias,Hierbas provenzales Hacendado,"1,10 €",/ud.,Bote 25 g ," 4,40 €/100 g"
"Aceite, especias y salsas >",Especias,Albahaca Hacendado,"1,25 €",/ud.,Bote 20 g ," 6,25 €/100 g"
"Aceite, especias y salsas >",Especias,Romero Hacendado,"1,30 €",/ud.,Bote 40 g ," 3,25 €/100 g"
"Aceite, especias y salsas >",Especias,Tomillo Hacendado,"1,05 €",/ud.,Bote 28 g ," 3,75 €/100 g"
"Aceite, especias y salsas >",Especias,Eneldo hojas Hacendado,"1,85 €",/ud.,Bote 22 g ," 8,41 €/100 g"
"Aceite, especias y salsas >",Especias,Cilantro Hacendado,"1,85 €",/ud.,Bote 12 g ," 15,417 €/100 g"
"Aceite, especias y salsas >",Especias,Ajo y Perejil Hacendado,"1,30 €",/ud.,Bote 74 g ," 17,568 €/kg"
"Aceite, especias y salsas >",Especias,Colorante alimentario Hacendado,"0,85 €",/ud.,Bote 85 g ," 10,00 €/kg"
"Aceite, especias y salsas >",Especias,Pimentón dulce Hacendado,"0,90 €",/ud.,Bote 56 g ," 16,072 €/kg"
"Aceite, especias y salsas >",Especias,Pimentón dulce Hacendado,"1,40 €",/ud.,Bote 75 g ," 18,667 €/kg"
"Aceite, especias y salsas >",Especias,Pimentón dulce de la Vera Hacendado,"1,55 €",/ud.,Bote 75 g ," 20,667 €/kg"
"Aceite, especias y salsas >",Especias,Azafrán molido Hacendado,"1,75 €",/ud.,"Paquete 4 sobres (0,4 g) "," 437,50 €/100 g"
"Aceite, especias y salsas >",Especias,Azafrán hebra Hacendado,"1,70 €",/ud.,"Paquete 3 usos (0,38 g) "," 459,46 €/100 g"
"Aceite, especias y salsas >",Especias,Pimentón picante Hacendado,"1,35 €",/ud.,Bote 60 g ," 22,50 €/kg"
"Aceite, especias y salsas >",Especias,Pimienta negra molida Hacendado,"1,00 €",/ud.,Bote 70 g ," 14,286 €/kg"
"Aceite, especias y salsas >",Especias,Molinillo pimienta negra Hacendado,"1,65 €",/ud.,Bote 65 g ," 25,385 €/kg"
"Aceite, especias y salsas >",Especias,Pimienta negra en grano Hacendado,"1,45 €",/ud.,Bote 70 g ," 20,715 €/kg"
"Aceite, especias y salsas >",Especias,Molinillo mix pimientas Hacendado,"1,80 €",/ud.,Bote 50 g ," 36,00 €/kg"
"Aceite, especias y salsas >",Especias,Pimienta blanca molida Hacendado,"2,15 €",/ud.,Bote 70 g ," 30,715 €/kg"
"Aceite, especias y salsas >",Especias,Ajo granulado Hacendado,"0,82 €",/ud.,Bote 85 g ," 9,648 €/kg"
"Aceite, especias y salsas >",Especias,Cebolla frita crujiente Hacendado,"1,00 €",/ud.,Bote 150 g ," 6,667 €/kg"
"Aceite, especias y salsas >",Especias,Canela molida Hacendado,"0,95 €",/ud.,Bote 52 g ," 18,27 €/kg"
"Aceite, especias y salsas >",Especias,Canela en rama Hacendado,"1,35 €",/ud.,Bote 18 g ," 7,50 €/100 g"
"Aceite, especias y salsas >",Especias,Comino molido Hacendado,"1,00 €",/ud.,Bote 58 g ," 17,242 €/kg"
"Aceite, especias y salsas >",Especias,Comino en grano Hacendado,"1,95 €",/ud.,Bote 56 g ," 34,822 €/kg"
"Aceite, especias y salsas >",Especias,Curry Hacendado,"1,15 €",/ud.,Bote 57 g ," 20,176 €/kg"
"Aceite, especias y salsas >",Especias,Nuez moscada molida Hacendado,"1,65 €",/ud.,Bote 58 g ," 28,449 €/kg"
"Aceite, especias y salsas >",Especias,Cebolla en polvo Hacendado,"0,96 €",/ud.,Bote 60 g ," 16,00 €/kg"
"Aceite, especias y salsas >",Especias,Cayena guindillas Hacendado,"1,25 €",/ud.,Bote 27 g ," 4,63 €/100 g"
"Aceite, especias y salsas >",Especias,Cayena molida Hacendado,"1,54 €",/ud.,Bote 55 g ," 28,00 €/kg"
"Aceite, especias y salsas >",Especias,Cúrcuma Hacendado,"1,25 €",/ud.,Bote 60 g ," 20,834 €/kg"
"Aceite, especias y salsas >",Especias,Jengibre molido Hacendado,"1,60 €",/ud.,Bote 49 g ," 3,266 €/100 g"
"Aceite, especias y salsas >","Aceite, vinagre y sal",Sal de ajo Hacendado,"1,75 €",/ud.,Bote 130 g ," 13,462 €/kg"
"Aceite, especias y salsas >",Especias,Clavo en grano Hacendado,"1,75 €",/ud.,Bote 42 g ," 4,167 €/100 g"
"Aceite, especias y salsas >",Especias,Anís en grano Hacendado,"1,90 €",/ud.,Bote 50 g ," 38,00 €/kg"
"Aceite, especias y salsas >",Especias,Pimientos choriceros dulces del cristal Hacendado,"1,92 €",/ud.,Paquete 50 g ," 38,40 €/kg"
"Aceite, especias y salsas >",Especias,Piñones Hacendado,"2,84 €",/ud.,Bote 70 g ," 40,572 €/kg"
"Aceite, especias y salsas >",Especias,Sazonador para fajitas Hacendado sabor tex-mex,"0,85 €",/ud.,Sobre 17 g ," 5,00 €/100 g"
"Aceite, especias y salsas >",Especias,Sazonador al horno y microondas ajo y limón Hacendado con bolsa,"1,60 €",/ud.,Caja 2 sobres (60 g) ," 26,667 €/kg"
"Aceite, especias y salsas >",Especias,Sazonador al horno y microondas pollo y costillas a las hierbas provenzales Hacendado con bolsa,"1,40 €",/ud.,Caja 2 sobres (48 g) ," 2,917 €/100 g"
"Aceite, especias y salsas >",Especias,Sazonador sabor barbacoa Hacendado incluye 2 bolsas y 2 sazonadores,"1,40 €",/ud.,Caja 2 sobres (48 g) ," 2,917 €/100 g"
"Aceite, especias y salsas >",Especias,Preparado para paella con azafrán Hacendado,"1,85 €",/ud.,Bote 76 g ," 24,343 €/kg"
"Aceite, especias y salsas >",Especias,Sazonador para paella con azafrán Hacendado,"1,40 €",/ud.,Caja 5 sobres (20 g) ," 7,00 €/100 g"
"Aceite, especias y salsas >",Especias,Sazonador para burritos Hacendado,"1,10 €",/ud.,Sobre 40 g ," 2,75 €/100 g"
"Aceite, especias y salsas >",Especias,Sazonador pollo y carne Hacendado,"1,50 €",/ud.,Bote 76 g ," 19,737 €/kg"
"Aceite, especias y salsas >",Especias,Sazonador pasta Hacendado,"2,50 €",/ud.,Bote 45 g ," 5,556 €/100 g"
"Aceite, especias y salsas >",Especias,Sazonador ensalada Hacendado,"2,60 €",/ud.,Bote 95 g ," 27,369 €/kg"
"Aceite, especias y salsas >",Especias,Mezcla de especias para gazpacho manchego Hacendado,"2,50 €",/ud.,Caja 5 sobres (10 g) ," 25,00 €/100 g"
"Aceite, especias y salsas >",Especias,Sazonador Ras el Hanout Hacendado,"2,50 €",/ud.,Bote 62 g ," 40,323 €/kg"
"Aceite, especias y salsas >","Mayonesa, ketchup y mostaza",Mayonesa Hacendado,"1,25 €",/ud.,Tarro 500 ml ," 2,50 €/L"
"Aceite, especias y salsas >","Mayonesa, ketchup y mostaza",Mayonesa Hacendado,"1,00 €",/ud.,Tarro 225 ml ," 4,445 €/L"
"Aceite, especias y salsas >","Mayonesa, ketchup y mostaza",Mayonesa Hacendado,"1,35 €",/ud.,Bote 460 ml ," 2,935 €/L"
"Aceite, especias y salsas >","Mayonesa, ketchup y mostaza",Mayonesa en sobres individuales,"1,25 €",/pack,12 sobres x 20 ml ," 5,209 €/L"
"Aceite, especias y salsas >","Mayonesa, ketchup y mostaza",Mayonesa Hellmann's,"3,85 €",/ud.,Tarro 475 ml ," 8,106 €/L"
"Aceite, especias y salsas >","Mayonesa, ketchup y mostaza",Mayonesa Hellmann's,"1,95 €",/ud.,Tarro 225 ml ," 8,667 €/L"
"Aceite, especias y salsas >","Mayonesa, ketchup y mostaza",Salsa ligera Ligeresa,"2,85 €",/ud.,Tarro 450 ml ," 6,334 €/L"
"Aceite, especias y salsas >","Mayonesa, ketchup y mostaza",Salsa ligera Ligeresa,"1,65 €",/ud.,Tarro 225 ml ," 7,334 €/L"
"Aceite, especias y salsas >","Mayonesa, ketchup y mostaza",Salsa ligera Ligeresa,"2,25 €",/ud.,Bote 430 ml ," 5,233 €/L"
"Aceite, especias y salsas >","Mayonesa, ketchup y mostaza",Mayonesa Ybarra,"2,25 €",/ud.,Bote 500 ml ," 4,50 €/L"
"Aceite, especias y salsas >","Mayonesa, ketchup y mostaza",Mayonesa Musa,"2,25 €",/ud.,Tarro 540 ml ," 4,167 €/L"
"Aceite, especias y salsas >","Mayonesa, ketchup y mostaza",Salsa ligera Hacendado 60% menos de materia grasa,"1,35 €",/ud.,Tarro 500 ml ," 2,70 €/L"
"Aceite, especias y salsas >","Mayonesa, ketchup y mostaza",Salsa ligera Hacendado 60% menos de materia grasa,"1,40 €",/ud.,Bote 460 ml ," 3,044 €/L"
"Aceite, especias y salsas >","Mayonesa, ketchup y mostaza",Ketchup Hacendado,"1,30 €",/ud.,Bote 600 g ," 2,167 €/kg"
"Aceite, especias y salsas >","Mayonesa, ketchup y mostaza",Ketchup Hacendado en sobres individuales,"1,40 €",/ud.,Paquete 12 sobres (240 g) ," 5,834 €/kg"
"Aceite, especias y salsas >","Mayonesa, ketchup y mostaza",Ketchup Heinz,"3,10 €",/ud.,Bote 570 g ," 5,439 €/kg"
"Aceite, especias y salsas >","Mayonesa, ketchup y mostaza",Ketchup zero azúcares añadidos Hacendado,"1,60 €",/ud.,Bote 600 g ," 2,667 €/kg"
"Aceite, especias y salsas >","Mayonesa, ketchup y mostaza",Mostaza dulce Hacendado,"1,40 €",/ud.,Bote 300 g ," 4,667 €/L"
"Aceite, especias y salsas >","Mayonesa, ketchup y mostaza",Mostaza a la antigua Hacendado,"1,50 €",/ud.,Tarro 200 g ," 7,50 €/kg"
"Aceite, especias y salsas >","Mayonesa, ketchup y mostaza",Mostaza de Dijon Hacendado,"1,15 €",/ud.,Tarro 200 g ," 5,75 €/kg"
"Aceite, especias y salsas >","Mayonesa, ketchup y mostaza",Mostaza clásica Hacendado,"1,25 €",/ud.,Bote 388 g ," 3,222 €/kg"
"Aceite, especias y salsas >","Mayonesa, ketchup y mostaza",Allioli Chovi,"1,35 €",/ud.,Tarrina 180 ml ," 7,50 €/L"
"Aceite, especias y salsas >","Mayonesa, ketchup y mostaza",Allioli Hacendado,"1,10 €",/ud.,Tarrina 200 ml ," 5,50 €/L"
"Aceite, especias y salsas >","Mayonesa, ketchup y mostaza",Allioli en sobres individuales Hacendado,"1,50 €",/ud.,Paquete 8 sobres (160 ml) ," 9,375 €/L"
"Aceite, especias y salsas >",Otras salsas,Tomate frito Hacendado,"1,35 €",/pack,3 bricks x 400 g ," 1,125 €/kg"
"Aceite, especias y salsas >",Otras salsas,Tomate frito Hacendado,"1,10 €",/pack,3 mini bricks x 210 g ," 1,747 €/kg"
"Aceite, especias y salsas >",Otras salsas,Tomate frito Hacendado,"1,00 €",/ud.,Tarro 560 g ," 1,786 €/kg"
"Aceite, especias y salsas >",Otras salsas,Tomate frito receta artesana Hacendado con aceite de oliva,"2,05 €",/ud.,Tarro 560 g ," 3,661 €/kg"
"Aceite, especias y salsas >",Otras salsas,Tomate frito receta artesana Hacendado con aceite de oliva,"1,50 €",/ud.,Tarro 300 g ," 5,00 €/kg"
"Aceite, especias y salsas >",Otras salsas,Tomate frito Hida,"1,55 €",/ud.,Bote 400 g ," 3,875 €/kg"
"Aceite, especias y salsas >",Otras salsas,Tomate frito estilo casero Hacendado con aceite de oliva,"1,20 €",/ud.,Brick 380 g ," 3,158 €/kg"
"Aceite, especias y salsas >",Otras salsas,Tomate frito Hacendado con aceite de oliva,"1,20 €",/pack,3 mini bricks x 210 g ," 1,905 €/kg"
"Aceite, especias y salsas >",Otras salsas,Tomate frito sin azúcares añadidos Hacendado,"1,20 €",/ud.,Tarro 560 g ," 2,143 €/kg"
"Aceite, especias y salsas >",Otras salsas,Tomate frito con cebolla Hacendado con aceite de oliva,"1,35 €",/ud.,Brick 380 g ," 3,553 €/kg"
"Aceite, especias y salsas >",Otras salsas,Salsa de tomate Datterino Hacendado sabor dulce,"1,60 €",/ud.,Tarro 360 g ," 4,445 €/kg"
"Aceite, especias y salsas >",Otras salsas,Salsa de tomate Arrabbiata Hacendado sabor picante,"1,60 €",/ud.,Tarro 290 g ," 5,518 €/kg"
"Aceite, especias y salsas >",Otras salsas,Salsa barbacoa Hacendado,"1,15 €",/ud.,Bote 350 g ," 3,286 €/kg"
"Aceite, especias y salsas >",Otras salsas,Salsa pimienta verde Hacendado,"1,25 €",/ud.,Sobre 50 g ," 25,00 €/kg"
"Aceite, especias y salsas >",Otras salsas,Salsa burger Hacendado,"1,35 €",/ud.,Bote 250 ml ," 5,40 €/L"
"Aceite, especias y salsas >",Otras salsas,Salsa estilo argentino Hacendado,"1,60 €",/ud.,Tarro 285 g ," 5,615 €/kg"
"Aceite, especias y salsas >",Otras salsas,Salsa Piri Piri Hacendado,"1,00 €",/ud.,Botella 195 ml ," 5,129 €/L"
"Aceite, especias y salsas >",Otras salsas,Salsa de tomate boloñesa Hacendado,"1,85 €",/ud.,Tarro 290 g ," 6,38 €/kg"
"Aceite, especias y salsas >",Otras salsas,Salsa de tomate Basilico con albahaca Hacendado,"1,60 €",/ud.,Tarro 290 g ," 5,518 €/kg"
"Aceite, especias y salsas >",Otras salsas,Salsa de tomate con ricotta Hacendado,"1,85 €",/ud.,Tarro 290 g ," 6,38 €/kg"
"Aceite, especias y salsas >",Otras salsas,Salsa fresca Trufa Hacendado,"1,45 €",/ud.,Paquete 140 g ," 10,358 €/kg"
"Aceite, especias y salsas >",Otras salsas,Salsa fresca Queso Hacendado,"1,45 €",/ud.,Paquete 180 g ," 8,056 €/kg"
"Aceite, especias y salsas >",Otras salsas,Salsa fresca Pesto Hacendado,"1,50 €",/ud.,Paquete 150 g ," 10,00 €/kg"
"Aceite, especias y salsas >",Otras salsas,Salsa fresca Setas Bendita,"1,55 €",/ud.,Paquete 180 g ," 8,612 €/kg"
"Aceite, especias y salsas >",Otras salsas,Salsa fresca Carbonara Bendita,"1,55 €",/ud.,Paquete 200 g ," 7,75 €/kg"
"Aceite, especias y salsas >",Otras salsas,Salsa de soja Hacendado,"1,45 €",/ud.,Botella 250 ml ," 5,80 €/L"
"Aceite, especias y salsas >",Otras salsas,Salsa teriyaki Hacendado,"1,65 €",/ud.,Botella 250 ml ," 6,60 €/L"
"Aceite, especias y salsas >",Otras salsas,Salsa de soja dulce Hacendado,"1,65 €",/ud.,Botella 250 ml ," 6,60 €/L"
"Aceite, especias y salsas >",Otras salsas,Salsa agridulce Salsas Asturianas,"1,60 €",/ud.,Bote 340 g ," 4,706 €/kg"
"Aceite, especias y salsas >",Otras salsas,Salsa thai chili dulce J-Lek,"1,55 €",/ud.,Botella 250 ml ," 6,20 €/L"
"Aceite, especias y salsas >",Otras salsas,Salsa de soja sin gluten Hacendado,"2,50 €",/ud.,Botella 250 ml ," 10,00 €/L"
"Aceite, especias y salsas >",Otras salsas,Guacamole Hacendado 95% aguacate fresco,"3,50 €",/ud.,Tarrina 500 g ," 7,00 €/kg"
"Aceite, especias y salsas >",Otras salsas,Guacamole Hacendado 95% aguacate fresco,"1,75 €",/ud.,Tarrina 200 g ," 8,75 €/kg"
"Aceite, especias y salsas >",Otras salsas,Salsa yogur Hacendado,"1,25 €",/ud.,Bote 310 ml ," 4,033 €/L"
"Aceite, especias y salsas >",Otras salsas,Salsa mexicana Hacendado,"1,25 €",/ud.,Tarro 300 g ," 4,167 €/kg"
"Aceite, especias y salsas >",Otras salsas,Salsa ranchera Hacendado,"1,35 €",/ud.,Bote 250 ml ," 5,40 €/L"
"Aceite, especias y salsas >",Otras salsas,Salsa césar Hacendado,"1,40 €",/ud.,Bote 310 ml ," 4,517 €/L"
"Aceite, especias y salsas >",Otras salsas,"Aliño de aceite, ajo y perejil Hacendado","1,50 €",/ud.,Tarrina 150 ml ," 10,00 €/L"
"Aceite, especias y salsas >",Otras salsas,Salsa miel y mostaza Hacendado,"1,35 €",/ud.,Bote 300 ml ," 4,50 €/L"
"Aceite, especias y salsas >",Otras salsas,Salsa de trufas,"3,10 €",/ud.,Bote 80 g ," 38,75 €/kg"
"Aceite, especias y salsas >",Otras salsas,Salsa gajos rústica Hacendado,"1,35 €",/ud.,Bote 250 ml ," 5,40 €/L"
"Aceite, especias y salsas >",Otras salsas,Salsa de queso Hacendado,"1,75 €",/ud.,Tarro 280 ml ," 6,25 €/L"
"Aceite, especias y salsas >",Otras salsas,Chili con carne Hacendado,"2,65 €",/ud.,Bote 420 g ," 6,31 €/kg"
"Aceite, especias y salsas >",Otras salsas,Salsa cocktail Hacendado,"1,50 €",/ud.,Bote 460 ml ," 3,261 €/L"
"Aceite, especias y salsas >",Otras salsas,Carne de pimiento choricero Hacendado,"1,55 €",/ud.,Tarro 140 g ," 11,072 €/kg"
"Aceite, especias y salsas >",Otras salsas,Pasta de sésamo Tahini Hacendado,"2,90 €",/ud.,Tarro 200 g ," 14,50 €/kg"
"Aceite, especias y salsas >",Otras salsas,Salsa brava Hacendado,"1,65 €",/ud.,Bote 310 g ," 5,323 €/kg"
Agua y refrescos >,Agua,Agua mineral grande Bronchales mineralización muy débil,"1,23 €",/ud.,Garrafa 6 L ," 0,205 €/L"
Agua y refrescos >,Agua,Agua mineral grande Bronchales mineralización muy débil,"2,22 €",/pack,"6 botellas x 1,5 L "," 0,247 €/L"
Agua y refrescos >,Agua,Agua mineral grande Bronchales mineralización muy débil,"0,37 €",/ud.,"Botella 1,5 L "," 0,247 €/L"
Agua y refrescos >,Agua,Agua mineral mediana Bronchales mineralización muy débil,"3,00 €",/pack,6 botellas x 1 L ," 0,50 €/L"
Agua y refrescos >,Agua,Agua mineral mediana Bronchales mineralización muy débil,"0,50 €",/ud.,Botella 1 L ," 0,50 €/L"
Agua y refrescos >,Agua,Agua mineral pequeña Bronchales mineralización muy débil,"1,50 €",/pack,6 botellas x 500 ml ," 0,50 €/L"
Agua y refrescos >,Agua,Agua mineral pequeña Bronchales mineralización muy débil,"0,25 €",/ud.,Botella 500 ml ," 0,50 €/L"
Agua y refrescos >,Agua,Agua mineral pequeña Bronchales tapón infantil mineralización muy débil,"2,16 €",/pack,6 botellas x 330 ml ," 1,091 €/L"
Agua y refrescos >,Agua,Agua mineral pequeña Bronchales tapón infantil mineralización muy débil,"0,36 €",/ud.,Botella 330 ml ," 1,091 €/L"
Agua y refrescos >,Agua,Agua mineral grande Cortes,"0,75 €",/ud.,Garrafa 6 L ," 0,125 €/L"
Agua y refrescos >,Agua,Agua mineral grande Cortes,"0,86 €",/ud.,Garrafa 8 L ," 0,108 €/L"
Agua y refrescos >,Agua,Agua mineral grande Cortes,"1,32 €",/pack,"6 botellas x 1,5 L "," 0,147 €/L"
Agua y refrescos >,Agua,Agua mineral grande Cortes,"0,22 €",/ud.,"Botella 1,5 L "," 0,147 €/L"
Agua y refrescos >,Agua,Agua mineral mediana Cortes,"2,40 €",/pack,6 botellas x 1 L ," 0,40 €/L"
Agua y refrescos >,Agua,Agua mineral mediana Cortes,"0,40 €",/ud.,Botella 1 L ," 0,40 €/L"
Agua y refrescos >,Agua,Agua mineral pequeña Cortes,"1,20 €",/pack,6 botellas x 500 ml ," 0,40 €/L"
Agua y refrescos >,Agua,Agua mineral pequeña Cortes,"0,20 €",/ud.,Botella 500 ml ," 0,40 €/L"
Agua y refrescos >,Agua,Agua mineral pequeña Cortes tapón infantil mineralización débil,"1,32 €",/pack,6 botellas x 330 ml ," 0,667 €/L"
Agua y refrescos >,Agua,Agua mineral pequeña Cortes tapón infantil mineralización débil,"0,22 €",/ud.,Botella 330 ml ," 0,667 €/L"
Agua y refrescos >,Agua,Agua mineral grande Bezoya mineralización muy débil,"4,38 €",/pack,"6 botellas x 1,5 L "," 0,487 €/L"
Agua y refrescos >,Agua,Agua mineral grande Bezoya mineralización muy débil,"0,73 €",/ud.,"Botella 1,5 L "," 0,487 €/L"
Agua y refrescos >,Agua,Agua mineral grande Nestlé Aquarel mineralización muy débil,"3,54 €",/pack,"6 botellas x 1,5 L "," 0,394 €/L"
Agua y refrescos >,Agua,Agua mineral grande Nestlé Aquarel mineralización muy débil,"0,59 €",/ud.,"Botella 1,5 L "," 0,394 €/L"
Agua y refrescos >,Agua,Agua mineral grande Font Vella,"4,20 €",/pack,"6 botellas x 1,5 L "," 0,467 €/L"
Agua y refrescos >,Agua,Agua mineral grande Font Vella,"0,73 €",/ud.,"Botella 1,5 L "," 0,487 €/L"
Agua y refrescos >,Agua,Agua mineral grande Solán de Cabras mineralización muy débil,"5,22 €",/pack,"6 botellas x 1,5 L "," 0,58 €/L"
Agua y refrescos >,Agua,Agua mineral grande Solán de Cabras mineralización muy débil,"0,87 €",/ud.,"Botella 1,5 L "," 0,58 €/L"
Agua y refrescos >,Agua,Agua mineral grande Lanjarón,"4,20 €",/pack,"6 botellas x 1,5 L "," 0,467 €/L"
Agua y refrescos >,Agua,Agua mineral grande Lanjarón,"0,73 €",/ud.,"Botella 1,5 L "," 0,487 €/L"
Agua y refrescos >,Agua,Agua de coco Chaokoh 100% natural,"2,60 €",/ud.,Brick 1 L ," 2,60 €/L"
Agua y refrescos >,Agua,Agua mineral con gas grande Vichy Catalan,"1,49 €",/ud.,Botella 1 L ," 1,49 €/L"
Agua y refrescos >,Agua,Agua mineral con gas pequeña Vichy Catalan,"5,89 €",/pack,6 botellas x 300 ml ," 3,273 €/L"
Agua y refrescos >,Agua,Agua mineral con gas grande Cortes,"2,28 €",/pack,"6 botellas x 1,5 L "," 0,254 €/L"
Agua y refrescos >,Agua,Agua mineral con gas grande Cortes,"0,38 €",/ud.,"Botella 1,5 L "," 0,254 €/L"
Agua y refrescos >,Agua,Agua mineral con gas pequeña Cortes,"1,50 €",/pack,6 botellas x 500 ml ," 0,50 €/L"
Agua y refrescos >,Agua,Agua mineral con gas pequeña Cortes,"0,25 €",/ud.,Botella 500 ml ," 0,50 €/L"
Agua y refrescos >,Agua,Agua mineral con gas grande San Pellegrino,"8,10 €",/pack,6 botellas x 1 L ," 1,35 €/L"
Agua y refrescos >,Agua,Agua mineral con gas grande San Pellegrino,"1,35 €",/ud.,Botella 1 L ," 1,35 €/L"
Agua y refrescos >,Agua,Agua de soda con sifón La Casa,"1,60 €",/ud.,"Botella 1,5 L "," 1,067 €/L"
Agua y refrescos >,Agua,Agua mineral con gas grande Fonter,"6,54 €",/pack,6 botellas x 1 L ," 1,09 €/L"
Agua y refrescos >,Agua,Agua mineral con gas grande Fonter,"1,09 €",/ud.,Botella 1 L ," 1,09 €/L"
Agua y refrescos >,Agua,Gaseosa Hacendado grande,"0,50 €",/ud.,"Botella 1,5 L "," 0,334 €/L"
Agua y refrescos >,Agua,Gaseosa Hacendado pequeña,"1,92 €",/pack,6 botellas x 500 ml ," 0,64 €/L"
Agua y refrescos >,Agua,Gaseosa Hacendado pequeña,"0,32 €",/ud.,Botella 500 ml ," 0,64 €/L"
Agua y refrescos >,Agua,Gaseosa La Casera grande,"1,96 €",/pack,"2 botellas x 1,5 L "," 0,654 €/L"
Agua y refrescos >,Agua,Gaseosa La Casera grande,"1,15 €",/ud.,"Botella 1,5 L "," 0,767 €/L"
Agua y refrescos >,Isotónico y energético,Bebida isotónica limón Aquarius,"1,95 €",/ud.,"Botella 1,5 L "," 1,30 €/L"
Agua y refrescos >,Isotónico y energético,Bebida isotónica limón Aquarius,"6,48 €",/pack,8 latas x 330 ml ," 2,455 €/L"
Agua y refrescos >,Isotónico y energético,Bebida isotónica limón Aquarius,"0,85 €",/ud.,Lata 330 ml ," 2,576 €/L"
Agua y refrescos >,Isotónico y energético,Bebida isotónica sabor cítrico Iso drink Hacendado,"1,06 €",/ud.,"Botella 1,5 L "," 0,707 €/L"
Agua y refrescos >,Isotónico y energético,Bebida isotónica sabor cítrico Iso drink Hacendado,"2,40 €",/pack,6 latas x 330 ml ," 1,213 €/L"
Agua y refrescos >,Isotónico y energético,Bebida isotónica sabor cítrico Iso drink Hacendado,"0,40 €",/ud.,Lata 330 ml ," 1,213 €/L"
Agua y refrescos >,Isotónico y energético,Bebida isotónica naranja Aquarius,"1,95 €",/ud.,"Botella 1,5 L "," 1,30 €/L"
Agua y refrescos >,Isotónico y energético,Bebida isotónica naranja Aquarius,"6,48 €",/pack,8 latas x 330 ml ," 2,455 €/L"
Agua y refrescos >,Isotónico y energético,Bebida isotónica naranja Aquarius,"0,85 €",/ud.,Lata 330 ml ," 2,576 €/L"
Agua y refrescos >,Isotónico y energético,Bebida isotónica limón Aquarius zero azúcar,"1,95 €",/ud.,"Botella 1,5 L "," 1,30 €/L"
Agua y refrescos >,Isotónico y energético,Bebida isotónica de naranja Iso drink Hacendado,"1,06 €",/ud.,"Botella 1,5 L "," 0,707 €/L"
Agua y refrescos >,Isotónico y energético,Bebida isotónica de naranja Iso drink Hacendado,"2,40 €",/pack,6 latas x 330 ml ," 1,213 €/L"
Agua y refrescos >,Isotónico y energético,Bebida isotónica de naranja Iso drink Hacendado,"0,40 €",/ud.,Lata 330 ml ," 1,213 €/L"
Agua y refrescos >,Isotónico y energético,Bebida isotónica Iso On blue Hacendado,"1,55 €",/ud.,"Botella 1,5 L "," 1,034 €/L"
Agua y refrescos >,Isotónico y energético,Bebida isotónica Iso On blue Hacendado,"0,60 €",/ud.,Botella 500 ml ," 1,20 €/L"
Agua y refrescos >,Isotónico y energético,Bebida isotónica azul Powerade,"1,39 €",/ud.,Botella 500 ml ," 2,78 €/L"
Agua y refrescos >,Isotónico y energético,Bebida isotónica soluble sabor limón Enervit Sport,"8,95 €",/ud.,Bote 14 dosis (420 g) ," 21,31 €/kg"
Agua y refrescos >,Isotónico y energético,Bebida energética light Hacendado,"0,45 €",/ud.,Lata 250 ml ," 1,80 €/L"
Agua y refrescos >,Isotónico y energético,Bebida energética Energy Ultra zero Monster,"5,24 €",/pack,4 latas x 500 ml ," 2,62 €/L"
Agua y refrescos >,Isotónico y energético,Bebida energética Energy Ultra zero Monster,"1,36 €",/ud.,Lata 500 ml ," 2,72 €/L"
Agua y refrescos >,Isotónico y energético,Malta Maltín Polar,"1,00 €",/ud.,207 ml ," 4,831 €/L"
Agua y refrescos >,Isotónico y energético,Bebida energética energy Monster,"5,24 €",/pack,4 latas x 500 ml ," 2,62 €/L"
Agua y refrescos >,Isotónico y energético,Bebida energética Energy Monster,"1,36 €",/ud.,Lata 500 ml ," 2,72 €/L"
Agua y refrescos >,Isotónico y energético,Bebida energética Energy Drink,"1,60 €",/ud.,"Botella 1,5 L "," 1,067 €/L"
Agua y refrescos >,Isotónico y energético,Bebida energética Energy Drink,"2,70 €",/pack,6 latas x 250 ml ," 1,80 €/L"
Agua y refrescos >,Isotónico y energético,Bebida energética Energy Drink,"0,45 €",/ud.,Lata 250 ml ," 1,80 €/L"
Agua y refrescos >,Isotónico y energético,Bebida energética Red Bull,"4,36 €",/pack,4 latas x 250 ml ," 4,36 €/L"
Agua y refrescos >,Isotónico y energético,Bebida energética Red Bull,"1,24 €",/ud.,Lata 250 ml ," 4,96 €/L"
Agua y refrescos >,Isotónico y energético,Bebida energética original Burn,"3,80 €",/pack,4 latas x 500 ml ," 1,90 €/L"
Agua y refrescos >,Isotónico y energético,Bebida energética original Burn,"1,00 €",/ud.,Lata 500 ml ," 2,00 €/L"
Agua y refrescos >,Isotónico y energético,Gel energético con cafeína Enervit Sport sabor cítricos,"3,60 €",/pack,3 ud. x 32 g ," 39,131 €/kg"
Agua y refrescos >,Isotónico y energético,Gel energético Enervit Sport sabor naranja,"3,60 €",/pack,3 ud. x 32 g ," 39,131 €/kg"
Agua y refrescos >,Isotónico y energético,Bebida energética Mango Loco Monster,"5,24 €",/pack,4 latas x 500 ml ," 2,62 €/L"
Agua y refrescos >,Isotónico y energético,Bebida energética Mango Loco Monster,"1,36 €",/ud.,Lata 500 ml ," 2,72 €/L"
Agua y refrescos >,Isotónico y energético,Bebida energética Furious Energy drink,"1,00 €",/ud.,Lata 500 ml ," 2,00 €/L"
Agua y refrescos >,Isotónico y energético,Bebida energética Tropic Energy drink,"1,00 €",/ud.,Lata 500 ml ," 2,00 €/L"
Agua y refrescos >,Refresco de cola,Refresco Coca-Cola,"3,72 €",/pack,2 botellas x 2 L ," 0,93 €/L"
Agua y refrescos >,Refresco de cola,Refresco Coca-Cola,"2,10 €",/ud.,Botella 2 L ," 1,05 €/L"
Agua y refrescos >,Refresco de cola,Refresco Coca-Cola,"1,49 €",/ud.,"Botella 1,25 L "," 1,192 €/L"
Agua y refrescos >,Refresco de cola,Refresco Coca-Cola,"4,64 €",/pack,4 botellas x 500 ml ," 2,32 €/L"
Agua y refrescos >,Refresco de cola,Refresco Coca-Cola,"1,39 €",/ud.,Botella 500 ml ," 2,78 €/L"
Agua y refrescos >,Refresco de cola,Refresco Coca-Cola,"9,84 €",/pack,12 latas x 330 ml ," 2,485 €/L"
Agua y refrescos >,Refresco de cola,Refresco Coca-Cola,"0,85 €",/ud.,Lata 330 ml ," 2,576 €/L"
Agua y refrescos >,Refresco de cola,Refresco cola Hacendado,"0,80 €",/ud.,Botella 2 L ," 0,40 €/L"
Agua y refrescos >,Refresco de cola,Refresco cola Hacendado,"2,04 €",/pack,6 latas x 330 ml ," 1,031 €/L"
Agua y refrescos >,Refresco de cola,Refresco cola Hacendado,"0,34 €",/ud.,Lata 330 ml ," 1,031 €/L"
Agua y refrescos >,Refresco de cola,Refresco cola Pepsi,"1,69 €",/ud.,"Botella 1,75 L "," 0,966 €/L"
Agua y refrescos >,Refresco de cola,Refresco Coca-Cola Zero azúcar,"9,84 €",/pack,12 latas x 330 ml ," 2,485 €/L"
Agua y refrescos >,Refresco de cola,Refresco Coca-Cola Zero azúcar,"0,85 €",/ud.,Lata 330 ml ," 2,576 €/L"
Agua y refrescos >,Refresco de cola,Refresco Coca-Cola Zero azúcar,"3,72 €",/pack,2 botellas x 2 L ," 0,93 €/L"
Agua y refrescos >,Refresco de cola,Refresco Coca-Cola Zero azúcar,"2,10 €",/ud.,Botella 2 L ," 1,05 €/L"
Agua y refrescos >,Refresco de cola,Refresco Coca-Cola Zero azúcar,"1,49 €",/ud.,"Botella 1,25 L "," 1,192 €/L"
Agua y refrescos >,Refresco de cola,Refresco Coca-Cola Zero azúcar,"4,64 €",/pack,4 botellas x 500 ml ," 2,32 €/L"
Agua y refrescos >,Refresco de cola,Refresco Coca-Cola Zero azúcar,"1,39 €",/ud.,Botella 500 ml ," 2,78 €/L"
Agua y refrescos >,Refresco de cola,Refresco Coca-Cola light,"10,56 €",/pack,12 latas x 330 ml ," 2,667 €/L"
Agua y refrescos >,Refresco de cola,Refresco Coca-Cola light,"0,90 €",/ud.,Lata 330 ml ," 2,728 €/L"
Agua y refrescos >,Refresco de cola,Refresco Coca-Cola Zero Zero,"9,84 €",/pack,12 latas x 330 ml ," 2,485 €/L"
Agua y refrescos >,Refresco de cola,Refresco Coca-Cola Zero Zero,"0,85 €",/ud.,Lata 330 ml ," 2,576 €/L"
Agua y refrescos >,Refresco de cola,Refresco Coca-Cola Zero Zero,"3,72 €",/pack,2 botellas x 2 L ," 0,93 €/L"
Agua y refrescos >,Refresco de cola,Refresco Coca-Cola Zero Zero,"2,10 €",/ud.,Botella 2 L ," 1,05 €/L"
Agua y refrescos >,Refresco de cola,Refresco cola Hacendado Zero azúcar,"0,70 €",/ud.,Botella 2 L ," 0,35 €/L"
Agua y refrescos >,Refresco de cola,Refresco cola Hacendado Zero azúcar,"1,92 €",/pack,6 latas x 330 ml ," 0,97 €/L"
Agua y refrescos >,Refresco de cola,Refresco cola Hacendado Zero azúcar,"0,32 €",/ud.,Lata 330 ml ," 0,97 €/L"
Agua y refrescos >,Refresco de cola,Refresco cola Hacendado Zero azúcar Zero cafeína,"0,70 €",/ud.,Botella 2 L ," 0,35 €/L"
Agua y refrescos >,Refresco de cola,Refresco cola Hacendado Zero azúcar Zero cafeína,"1,92 €",/pack,6 latas x 330 ml ," 0,97 €/L"
Agua y refrescos >,Refresco de cola,Refresco cola Hacendado Zero azúcar Zero cafeína,"0,32 €",/ud.,Lata 330 ml ," 0,97 €/L"
Agua y refrescos >,Refresco de cola,Refresco Coca-Cola Zero Zero,"9,84 €",/pack,12 latas x 330 ml ," 2,485 €/L"
Agua y refrescos >,Refresco de cola,Refresco Coca-Cola Zero Zero,"0,85 €",/ud.,Lata 330 ml ," 2,576 €/L"
Agua y refrescos >,Refresco de cola,Refresco Coca-Cola Zero Zero,"3,72 €",/pack,2 botellas x 2 L ," 0,93 €/L"
Agua y refrescos >,Refresco de cola,Refresco Coca-Cola Zero Zero,"2,10 €",/ud.,Botella 2 L ," 1,05 €/L"
Agua y refrescos >,Refresco de cola,Refresco Coca-Cola sin cafeína,"0,85 €",/ud.,Lata 330 ml ," 2,576 €/L"
Agua y refrescos >,Refresco de cola,Refresco Coca-Cola sin cafeína,"2,10 €",/ud.,Botella 2 L ," 1,05 €/L"
Agua y refrescos >,Refresco de cola,Refresco cola Hacendado Zero azúcar Zero cafeína,"0,70 €",/ud.,Botella 2 L ," 0,35 €/L"
Agua y refrescos >,Refresco de cola,Refresco cola Hacendado Zero azúcar Zero cafeína,"1,92 €",/pack,6 latas x 330 ml ," 0,97 €/L"
Agua y refrescos >,Refresco de cola,Refresco cola Hacendado Zero azúcar Zero cafeína,"0,32 €",/ud.,Lata 330 ml ," 0,97 €/L"
Agua y refrescos >,Refresco de naranja y de limón,Refresco Fanta limón,"1,75 €",/ud.,Botella 2 L ," 0,875 €/L"
Agua y refrescos >,Refresco de naranja y de limón,Refresco Fanta limón,"5,31 €",/pack,9 latas x 330 ml ," 1,788 €/L"
Agua y refrescos >,Refresco de naranja y de limón,Refresco Fanta limón,"0,62 €",/ud.,Lata 330 ml ," 1,879 €/L"
Agua y refrescos >,Refresco de naranja y de limón,Refresco Fanta limón zero azúcares añadidos,"0,70 €",/ud.,Lata 330 ml ," 2,122 €/L"
Agua y refrescos >,Refresco de naranja y de limón,Refresco de limón Hacendado fresh gas,"0,90 €",/ud.,Botella 2 L ," 0,45 €/L"
Agua y refrescos >,Refresco de naranja y de limón,Refresco de limón Hacendado fresh gas,"1,92 €",/pack,6 latas x 330 ml ," 0,97 €/L"
Agua y refrescos >,Refresco de naranja y de limón,Refresco de limón Hacendado fresh gas,"0,32 €",/ud.,Lata 330 ml ," 0,97 €/L"
Agua y refrescos >,Refresco de naranja y de limón,Refresco de limón Hacendado zero azúcar fresh gas,"0,87 €",/ud.,Botella 2 L ," 0,435 €/L"
Agua y refrescos >,Refresco de naranja y de limón,Refresco de limón Hacendado zero azúcar fresh gas,"2,10 €",/pack,6 latas x 330 ml ," 1,061 €/L"
Agua y refrescos >,Refresco de naranja y de limón,Refresco de limón Hacendado zero azúcar fresh gas,"0,35 €",/ud.,Lata 330 ml ," 1,061 €/L"
Agua y refrescos >,Refresco de naranja y de limón,Refresco limón Schweppes original,"5,36 €",/pack,8 latas x 330 ml ," 2,031 €/L"
Agua y refrescos >,Refresco de naranja y de limón,Refresco limón Schweppes original,"0,89 €",/ud.,Lata 330 ml ," 2,697 €/L"
Agua y refrescos >,Refresco de naranja y de limón,Refresco lima limón Sprite,"1,54 €",/ud.,Botella 2 L ," 0,77 €/L"
Agua y refrescos >,Refresco de naranja y de limón,Refresco lima limón Sprite,"4,00 €",/pack,8 latas x 330 ml ," 1,516 €/L"
Agua y refrescos >,Refresco de naranja y de limón,Refresco lima limón Sprite,"0,53 €",/ud.,Lata 330 ml ," 1,607 €/L"
Agua y refrescos >,Refresco de naranja y de limón,Refresco lima limón Hacendado fresh gas,"0,90 €",/ud.,Botella 2 L ," 0,45 €/L"
Agua y refrescos >,Refresco de naranja y de limón,Refresco lima limón Hacendado fresh gas,"2,10 €",/pack,6 latas x 330 ml ," 1,061 €/L"
Agua y refrescos >,Refresco de naranja y de limón,Refresco lima limón Hacendado fresh gas,"0,35 €",/ud.,Lata 330 ml ," 1,061 €/L"
Agua y refrescos >,Refresco de naranja y de limón,Refresco lima limón Hacendado zero azúcar fresh gas,"0,87 €",/ud.,Botella 2 L ," 0,435 €/L"
Agua y refrescos >,Refresco de naranja y de limón,Refresco Fanta naranja,"3,34 €",/pack,2 botellas x 2 L ," 0,835 €/L"
Agua y refrescos >,Refresco de naranja y de limón,Refresco Fanta naranja,"1,75 €",/ud.,Botella 2 L ," 0,875 €/L"
Agua y refrescos >,Refresco de naranja y de limón,Refresco Fanta naranja,"5,31 €",/pack,9 latas x 330 ml ," 1,788 €/L"
Agua y refrescos >,Refresco de naranja y de limón,Refresco Fanta naranja,"0,62 €",/ud.,Lata 330 ml ," 1,879 €/L"
Agua y refrescos >,Refresco de naranja y de limón,Refresco Fanta naranja zero azúcares añadidos,"1,75 €",/ud.,Botella 2 L ," 0,875 €/L"
Agua y refrescos >,Refresco de naranja y de limón,Refresco Fanta naranja zero azúcares añadidos,"0,70 €",/ud.,Lata 330 ml ," 2,122 €/L"
Agua y refrescos >,Refresco de naranja y de limón,Refresco de naranja Hacendado fresh gas,"0,90 €",/ud.,Botella 2 L ," 0,45 €/L"
Agua y refrescos >,Refresco de naranja y de limón,Refresco de naranja Hacendado fresh gas,"1,92 €",/pack,6 latas x 330 ml ," 0,97 €/L"
Agua y refrescos >,Refresco de naranja y de limón,Refresco de naranja Hacendado fresh gas,"0,32 €",/ud.,Lata 330 ml ," 0,97 €/L"
Agua y refrescos >,Refresco de naranja y de limón,Refresco de naranja Hacendado zero fresh gas,"0,87 €",/ud.,Botella 2 L ," 0,435 €/L"
Agua y refrescos >,Refresco de naranja y de limón,Refresco de naranja Hacendado zero fresh gas,"2,10 €",/pack,6 latas x 330 ml ," 1,061 €/L"
Agua y refrescos >,Refresco de naranja y de limón,Refresco de naranja Hacendado zero fresh gas,"0,35 €",/ud.,Lata 330 ml ," 1,061 €/L"
Agua y refrescos >,Tónica y bitter,Tónica original Schweppes,"5,36 €",/pack,8 latas x 330 ml ," 2,031 €/L"
Agua y refrescos >,Tónica y bitter,Tónica original Schweppes,"0,89 €",/ud.,Lata 330 ml ," 2,697 €/L"
Agua y refrescos >,Tónica y bitter,Tónica original Schweppes,"1,85 €",/ud.,Botella 1 L ," 1,85 €/L"
Agua y refrescos >,Tónica y bitter,Tónica original Schweppes,"5,28 €",/pack,6 botellines x 200 ml ," 4,40 €/L"
Agua y refrescos >,Tónica y bitter,Tónica original Schweppes,"1,06 €",/ud.,Botellín 200 ml ," 5,30 €/L"
Agua y refrescos >,Tónica y bitter,Tónica Hacendado,"0,90 €",/ud.,"Botella 1,5 L "," 0,60 €/L"
Agua y refrescos >,Tónica y bitter,Tónica Hacendado,"2,22 €",/pack,6 latas x 330 ml ," 1,122 €/L"
Agua y refrescos >,Tónica y bitter,Tónica Hacendado,"0,37 €",/ud.,Lata 330 ml ," 1,122 €/L"
Agua y refrescos >,Tónica y bitter,Tónica zero calorías Schweppes,"5,36 €",/pack,8 latas x 330 ml ," 2,031 €/L"
Agua y refrescos >,Tónica y bitter,Tónica zero calorías Schweppes,"0,89 €",/ud.,Lata 330 ml ," 2,697 €/L"
Agua y refrescos >,Tónica y bitter,Tónica Nordic Mist,"4,40 €",/pack,8 latas x 250 ml ," 2,20 €/L"
Agua y refrescos >,Tónica y bitter,Tónica Nordic Mist,"0,64 €",/ud.,Lata 250 ml ," 2,56 €/L"
Agua y refrescos >,Tónica y bitter,Ginger ale Schweppes,"5,36 €",/pack,8 latas x 330 ml ," 2,031 €/L"
Agua y refrescos >,Tónica y bitter,Ginger ale Schweppes,"0,89 €",/ud.,Lata 330 ml ," 2,697 €/L"
Agua y refrescos >,Tónica y bitter,Tónica pink Schweppes,"5,36 €",/pack,8 latas x 330 ml ," 2,031 €/L"
Agua y refrescos >,Tónica y bitter,Tónica pink Schweppes,"0,89 €",/ud.,Lata 330 ml ," 2,697 €/L"
Agua y refrescos >,Tónica y bitter,Bitter Kas sin alcohol,"0,99 €",/ud.,Lata 330 ml ," 3,00 €/L"
Agua y refrescos >,Tónica y bitter,Bitter Kas sin alcohol,"5,49 €",/pack,6 botellines x 200 ml ," 4,575 €/L"
Agua y refrescos >,Refresco de té y sin gas,Refresco al limón Nestea,"6,96 €",/pack,8 latas x 330 ml ," 2,637 €/L"
Agua y refrescos >,Refresco de té y sin gas,Refresco al limón Nestea,"0,90 €",/ud.,Lata 330 ml ," 2,728 €/L"
Agua y refrescos >,Refresco de té y sin gas,Refresco al limón Nestea,"1,95 €",/ud.,"Botella 1,5 L "," 1,30 €/L"
Agua y refrescos >,Refresco de té y sin gas,Refresco té verde Hacendado,"0,95 €",/ud.,"Botella 1,5 L "," 0,634 €/L"
Agua y refrescos >,Refresco de té y sin gas,Refresco té sabor limón Hacendado cero,"0,95 €",/ud.,"Botella 1,5 L "," 0,634 €/L"
Agua y refrescos >,Refresco de té y sin gas,Refresco té sabor mango Hacendado cero,"0,95 €",/ud.,"Botella 1,5 L "," 0,634 €/L"
Agua y refrescos >,Refresco de té y sin gas,Refresco té sabor limón Hacendado,"0,95 €",/ud.,"Botella 1,5 L "," 0,634 €/L"
Agua y refrescos >,Refresco de té y sin gas,Refresco ice tea sabor melocotón Hacendado zero,"0,95 €",/ud.,"Botella 1,5 L "," 0,634 €/L"
Agua y refrescos >,Refresco de té y sin gas,Refresco té con limón Hacendado para diluir sin azúcar,"1,30 €",/ud.,Caja 12 sobres (36 g) ," 3,612 €/100 g"
Agua y refrescos >,Refresco de té y sin gas,Refresco té con melocotón Hacendado para diluir con edulcorantes,"1,30 €",/ud.,Caja 12 sobres (36 g) ," 3,612 €/100 g"
Agua y refrescos >,Refresco de té y sin gas,Limonada Don Simón light sin gas,"1,50 €",/ud.,Botella 2 L ," 0,75 €/L"
Agua y refrescos >,Refresco de té y sin gas,Refresco de naranja Simon Life sin gas,"1,85 €",/ud.,"Botella 1,5 L "," 1,234 €/L"
Agua y refrescos >,Refresco de té y sin gas,Refresco de naranja Gold Spring sin gas,"1,30 €",/ud.,Botella 2 L ," 0,65 €/L"
Agua y refrescos >,Refresco de té y sin gas,Refresco de naranja Gold Spring sin gas,"1,50 €",/pack,4 botellas x 330 ml ," 1,137 €/L"
Agua y refrescos >,Refresco de té y sin gas,Refresco fusión de frutas Gold Spring cero sin gas,"1,30 €",/ud.,Botella 2 L ," 0,65 €/L"
Agua y refrescos >,Refresco de té y sin gas,Refresco de naranja Trina sin gas,"1,65 €",/ud.,"Botella 1,5 L "," 1,10 €/L"
Agua y refrescos >,Refresco de té y sin gas,Bebida Florida Sunny Delight,"1,89 €",/ud.,"Botella 1,25 L "," 1,512 €/L"
Agua y refrescos >,Refresco de té y sin gas,Refresco de manzana sin gas,"1,00 €",/ud.,"Botella 1,5 L "," 0,667 €/L"
Agua y refrescos >,Refresco de té y sin gas,Refresco piña-coco Gold Spring cero sin gas,"1,30 €",/ud.,Botella 2 L ," 0,65 €/L"
Agua y refrescos >,Agua,Agua de coco Chaokoh 100% natural,"2,60 €",/ud.,Brick 1 L ," 2,60 €/L"
Agua y refrescos >,Refresco de té y sin gas,Refresco sandía Gold Spring cero sin gas,"1,30 €",/ud.,Botella 2 L ," 0,65 €/L"
Agua y refrescos >,Refresco de té y sin gas,Refresco Caribe Gold Spring cero sin gas,"1,30 €",/ud.,Botella 2 L ," 0,65 €/L"
Agua y refrescos >,Refresco de té y sin gas,Limonada Hacendado light sin gas,"1,50 €",/pack,4 botellas x 330 ml ," 1,137 €/L"
Aperitivos >,Aceitunas y encurtidos,Aceitunas manzanilla rellenas de anchoa Hacendado,"2,64 €",/pack,3 botes x 150 g ," 5,867 €/kg"
Aperitivos >,Aceitunas y encurtidos,Aceitunas manzanilla rellenas de anchoa Hacendado,"1,45 €",/pack,3 botes x 50 g ," 9,667 €/kg"
Aperitivos >,Aceitunas y encurtidos,Aceitunas manzanilla rellenas de anchoa Hacendado,"0,88 €",/ud.,Bote 350 g (150 g escurrido) ," 1,956 €/kg"
Aperitivos >,Aceitunas y encurtidos,Aceitunas manzanilla Hacendado sin hueso,"2,10 €",/ud.,Tarro 835 g (400 g escurrido) ," 5,25 €/kg"
Aperitivos >,Aceitunas y encurtidos,Aceitunas manzanilla rellenas de anchoa Hacendado reducidas en sal,"1,65 €",/pack,3 botes x 50 g ," 11,00 €/kg"
Aperitivos >,Aceitunas y encurtidos,Aceitunas chupadedos Huerta de Barros partidas aliñadas con hueso,"3,00 €",/ud.,Tarro 980 g (600 g escurrido) ," 5,00 €/kg"
Aperitivos >,Aceitunas y encurtidos,Aceitunas gazpacha Hacendado con hueso,"2,40 €",/ud.,Tarro 835 g (500 g escurrido) ," 4,80 €/kg"
Aperitivos >,Aceitunas y encurtidos,Aceitunas rellenas de anchoa Hacendado selección,"1,45 €",/ud.,Bote 350 g (150 g escurrido) ," 9,667 €/kg"
Aperitivos >,Aceitunas y encurtidos,Aceitunas manzanilla Hacendado sin hueso,"1,50 €",/pack,3 paquetes x 75 g ," 6,667 €/kg"
Aperitivos >,Aceitunas y encurtidos,Aceitunas estilo caseras Hacendado aliñadas,"2,70 €",/ud.,Tarro 935 g (550 g escurrido) ," 4,91 €/kg"
Aperitivos >,Aceitunas y encurtidos,Aceitunas manzanilla Hacendado con hueso,"2,10 €",/ud.,Tarro 835 g (500 g escurrido) ," 4,20 €/kg"
Aperitivos >,Aceitunas y encurtidos,Aceitunas rellenas de limón Hacendado,"1,50 €",/ud.,Bote 350 g (150 g escurrido) ," 10,00 €/kg"
Aperitivos >,Aceitunas y encurtidos,Aceitunas manzanilla aliñadas Hacendado sin hueso,"1,70 €",/ud.,Tarro 420 g (200 g escurrido) ," 8,50 €/kg"
Aperitivos >,Aceitunas y encurtidos,Aceitunas chupadedos Huerta de Barros partidas aliñadas con hueso,"1,70 €",/ud.,Tarro 350 g (185 g escurrido) ," 9,19 €/kg"
Aperitivos >,Aceitunas y encurtidos,Aceitunas rellenas de jalapeño Hacendado,"1,50 €",/ud.,Bote 350 g (150 g escurrido) ," 10,00 €/kg"
Aperitivos >,Aceitunas y encurtidos,Aceitunas rellenas de pimiento asado Hacendado,"1,50 €",/ud.,Bote 350 g (150 g escurrido) ," 10,00 €/kg"
Aperitivos >,Aceitunas y encurtidos,Aceitunas manzanilla sabor anchoa Hacendado con hueso calibre grande,"2,95 €",/ud.,Tarro 935 g (530 g escurrido) ," 5,567 €/kg"
Aperitivos >,Aceitunas y encurtidos,Aceitunas manzanilla sabor anchoa Hacendado con hueso calibre pequeño,"1,30 €",/ud.,Tarro 430 g (250 g escurrido) ," 5,20 €/kg"
Aperitivos >,Aceitunas y encurtidos,Aceitunas aliñadas Hacendado sin hueso,"3,10 €",/ud.,Tarro 835 g (400 g escurrido) ," 7,75 €/kg"
Aperitivos >,Aceitunas y encurtidos,Aceitunas Olives Garcia partida con hueso,"3,40 €",/ud.,Bote 815 g (450 g escurrido) ," 7,556 €/kg"
Aperitivos >,Aceitunas y encurtidos,Aceitunas gordales con guindilla picante El Cabildo,"2,25 €",/ud.,Tarro 345 g (140 g escurrido) ," 16,072 €/kg"
Aperitivos >,Aceitunas y encurtidos,Aceitunas negras Hacendado sin hueso,"1,00 €",/ud.,Bote 350 g (150 g escurrido) ," 6,667 €/kg"
Aperitivos >,Aceitunas y encurtidos,Aceitunas negras naturales de Aragón Hacendado,"2,10 €",/ud.,Tarro 250 g ," 8,40 €/kg"
Aperitivos >,Aceitunas y encurtidos,Aceitunas negras Hacendado con hueso,"1,15 €",/ud.,Bote 350 g (185 g escurrido) ," 6,217 €/kg"
Aperitivos >,Aceitunas y encurtidos,Aceitunas negras Hacendado a rodajas,"2,00 €",/pack,3 botes x 50 g ," 13,334 €/kg"
Aperitivos >,Aceitunas y encurtidos,Banderillas picantes Hacendado,"1,60 €",/ud.,Tarro 345 g (160 g escurrido) ," 10,00 €/kg"
Aperitivos >,Aceitunas y encurtidos,Banderillas dulces Hacendado en vinagre,"1,60 €",/ud.,Tarro 345 g (160 g escurrido) ," 10,00 €/kg"
Aperitivos >,Aceitunas y encurtidos,Mix de encurtidos Hacendado,"2,25 €",/ud.,Tarro 670 g (370 g escurrido) ," 6,082 €/kg"
Aperitivos >,Aceitunas y encurtidos,Altramuces Hacendado,"1,60 €",/ud.,Tarro 690 g (440 g escurrido) ," 3,637 €/kg"
Aperitivos >,Aceitunas y encurtidos,Pepinillos agridulces grandes Convite,"1,50 €",/ud.,Tarro 670 g (370 g escurrido) ," 4,055 €/kg"
Aperitivos >,Aceitunas y encurtidos,Pepinillos laminados agridulces Hacendado,"1,90 €",/ud.,Tarro 530 g (290 g escurrido) ," 6,552 €/kg"
Aperitivos >,Aceitunas y encurtidos,Guindillas picantes Hacendado,"1,30 €",/ud.,Tarro 285 g (125 g escurrido) ," 10,40 €/kg"
Aperitivos >,Aceitunas y encurtidos,Ajos aliñados Hacendado,"2,40 €",/ud.,Tarro 345 g (235 g escurrido) ," 10,213 €/kg"
Aperitivos >,Aceitunas y encurtidos,Alcaparrones Hacendado en vinagre,"2,00 €",/ud.,Tarro 360 g (180 g escurrido) ," 11,112 €/kg"
Aperitivos >,Aceitunas y encurtidos,Berenjenas de Almagro Antonio aliño suave,"2,65 €",/ud.,Bote 800 g (350 g escurrido) ," 7,572 €/kg"
Aperitivos >,Aceitunas y encurtidos,Jalapeños picantes Hacendado en vinagre,"1,65 €",/ud.,Tarro 135 g (60 g escurrido) ," 27,50 €/kg"
Aperitivos >,Aceitunas y encurtidos,Mix de pepinillos y cebollitas Hacendado,"1,85 €",/ud.,Tarro 670 g (370 g escurrido) ," 5,00 €/kg"
Aperitivos >,Aceitunas y encurtidos,Piparra Hacendado,"2,50 €",/ud.,Tarro 285 g (125 g escurrido) ," 20,00 €/kg"
Aperitivos >,Frutos secos y fruta desecada,Nuez natural Hacendado pelada,"2,25 €",/ud.,Paquete 200 g ," 11,25 €/kg"
Aperitivos >,Frutos secos y fruta desecada,Almendra natural Hacendado,"2,20 €",/ud.,Paquete 200 g ," 11,00 €/kg"
Aperitivos >,Frutos secos y fruta desecada,Pistacho tostado Hacendado con sal,"3,30 €",/ud.,Paquete 250 g ," 13,20 €/kg"
Aperitivos >,Frutos secos y fruta desecada,Pipas girasol tostadas Hacendado gigante con sal,"1,20 €",/ud.,Paquete 200 g ," 6,00 €/kg"
Aperitivos >,Frutos secos y fruta desecada,Pistacho tostado Hacendado 0% sal añadida,"3,30 €",/ud.,Paquete 250 g ," 13,20 €/kg"
Aperitivos >,Frutos secos y fruta desecada,Cacahuete frito con sal Belnut pelado,"1,00 €",/ud.,Paquete 250 g ," 4,00 €/kg"
Aperitivos >,Frutos secos y fruta desecada,Pipas girasol tostadas Hacendado gigante aguasal,"1,20 €",/ud.,Paquete 200 g ," 6,00 €/kg"
Aperitivos >,Frutos secos y fruta desecada,Anacardo natural Hacendado,"2,30 €",/ud.,Paquete 200 g ," 11,50 €/kg"
Aperitivos >,Frutos secos y fruta desecada,Palomitas de maíz con sal Hacendado para microondas,"1,10 €",/ud.,Paquete 3 ud. (270 g) ," 4,075 €/kg"
Aperitivos >,Frutos secos y fruta desecada,Anacardo frito salado Hacendado,"2,30 €",/ud.,Paquete 200 g ," 11,50 €/kg"
Aperitivos >,Frutos secos y fruta desecada,Avellana tostada Hacendado 0% sal añadida,"2,80 €",/ud.,Paquete 200 g ," 14,00 €/kg"
Aperitivos >,Frutos secos y fruta desecada,Almendra tostada y salada Hacendado con piel,"2,80 €",/ud.,Paquete 200 g ," 14,00 €/kg"
Aperitivos >,Frutos secos y fruta desecada,Maíz frito crujiente y tierno Hacendado,"1,00 €",/ud.,Paquete 170 g ," 5,883 €/kg"
Aperitivos >,Frutos secos y fruta desecada,Almendra frita y salada Hacendado pelada,"2,65 €",/ud.,Paquete 200 g ," 13,25 €/kg"
Aperitivos >,Frutos secos y fruta desecada,Cacahuete tostado Hacendado 0% sal añadida,"1,60 €",/ud.,Paquete 400 g ," 4,00 €/kg"
Aperitivos >,Frutos secos y fruta desecada,Almendra tostada Hacendado 0% sal añadida con piel,"2,80 €",/ud.,Paquete 200 g ," 14,00 €/kg"
Aperitivos >,Frutos secos y fruta desecada,Maíz palomitas Hacendado,"0,82 €",/ud.,Paquete 250 g ," 3,28 €/kg"
Aperitivos >,Frutos secos y fruta desecada,Maíz frito gigante Hacendado,"1,15 €",/ud.,Paquete 150 g ," 7,667 €/kg"
Aperitivos >,Frutos secos y fruta desecada,Nuez macadamia Hacendado tostada con sal,"2,95 €",/ud.,Paquete 100 g ," 29,50 €/kg"
Aperitivos >,Frutos secos y fruta desecada,Mezcla semillas Hacendado,"1,39 €",/ud.,Paquete 200 g ," 6,95 €/kg"
Aperitivos >,Frutos secos y fruta desecada,Pipas calabaza natural Hacendado peladas,"1,63 €",/ud.,Paquete 150 g ," 10,867 €/kg"
Aperitivos >,Frutos secos y fruta desecada,Castañas cocidas y peladas Hacendado,"1,40 €",/ud.,Paquete 100 g ," 14,00 €/kg"
Aperitivos >,Frutos secos y fruta desecada,Cacahuete frito con miel Hacendado,"1,70 €",/ud.,Paquete 200 g ," 8,50 €/kg"
Aperitivos >,Frutos secos y fruta desecada,Cacahuete tostado con sal Hacendado,"1,60 €",/ud.,Paquete 400 g ," 4,00 €/kg"
Aperitivos >,Frutos secos y fruta desecada,Semillas chía Hacendado,"1,40 €",/ud.,Paquete 150 g ," 9,334 €/kg"
Aperitivos >,Frutos secos y fruta desecada,Pipas de girasol fritas Hacendado peladas,"1,00 €",/ud.,Paquete 200 g ," 5,00 €/kg"
Aperitivos >,Frutos secos y fruta desecada,Almendra marcona Hacendado frita con sal,"2,85 €",/ud.,Paquete 125 g ," 22,80 €/kg"
Aperitivos >,Frutos secos y fruta desecada,Palomitas de maíz sabor mantequilla Hacendado para microondas,"1,35 €",/ud.,Paquete 3 ud. (270 g) ," 5,00 €/kg"
Aperitivos >,Frutos secos y fruta desecada,Almendra natural Hacendado sin piel,"2,64 €",/ud.,Paquete 200 g ," 13,20 €/kg"
Aperitivos >,Frutos secos y fruta desecada,Avellana natural Hacendado,"2,55 €",/ud.,Paquete 200 g ," 12,75 €/kg"
Aperitivos >,Frutos secos y fruta desecada,Semillas sésamo tostado Hacendado,"1,40 €",/ud.,Paquete 150 g ," 9,334 €/kg"
Aperitivos >,Frutos secos y fruta desecada,Pipas girasol barbacoa Hacendado,"1,35 €",/ud.,Paquete 200 g ," 6,75 €/kg"
Aperitivos >,Frutos secos y fruta desecada,Pipas girasol naturales Hacendado peladas,"1,11 €",/ud.,Paquete 200 g ," 5,55 €/kg"
Aperitivos >,Frutos secos y fruta desecada,Semillas lino dorado Hacendado,"1,25 €",/ud.,Paquete 150 g ," 8,334 €/kg"
Aperitivos >,Frutos secos y fruta desecada,Nuez natural Hacendado,"3,25 €",/ud.,Paquete 600 g ," 5,417 €/kg"
Aperitivos >,Frutos secos y fruta desecada,Pipas calabaza tostadas Hacendado aguasal,"1,55 €",/ud.,Paquete 125 g ," 12,40 €/kg"
Aperitivos >,Frutos secos y fruta desecada,Pistacho natural Hacendado pelado,"2,64 €",/ud.,Paquete 100 g ," 26,40 €/kg"
Aperitivos >,Frutos secos y fruta desecada,Nuez Pecana natural Hacendado pelada,"3,56 €",/ud.,Paquete 200 g ," 17,80 €/kg"
Aperitivos >,Frutos secos y fruta desecada,Palomitas de maíz dulces Hacendado para microondas,"1,70 €",/ud.,Paquete 3 ud. (315 g) ," 5,397 €/kg"
Aperitivos >,Frutos secos y fruta desecada,Cacahuete tostado Hacendado pelado 0% sal añadida,"1,10 €",/ud.,Paquete 200 g ," 5,50 €/kg"
Aperitivos >,Frutos secos y fruta desecada,Cacahuete +Proteínas en polvo desgrasado Hacendado 14 g proteínas 70% reducido en grasa,"2,75 €",/ud.,Paquete 200 g ," 13,75 €/kg"
Aperitivos >,Frutos secos y fruta desecada,Cacahuete tostado Collaret Hacendado,"2,10 €",/ud.,Paquete 300 g ," 7,00 €/kg"
Aperitivos >,Frutos secos y fruta desecada,"Cocktail mezcla Hacendado compuesto por maíz, cacahuetes, garbanzos, bolita de snack y pasas sultanas","1,50 €",/ud.,Paquete 300 g ," 5,00 €/kg"
Aperitivos >,Frutos secos y fruta desecada,"Combinado frutos secos, frutas desecadas y semillas de calabaza Hacendado ideal para ensaladas y pastas","2,20 €",/ud.,Paquete 200 g ," 11,00 €/kg"
Aperitivos >,Frutos secos y fruta desecada,Cocktail crunchy sabores Hacendado,"1,85 €",/ud.,Paquete 200 g ," 9,25 €/kg"
Aperitivos >,Frutos secos y fruta desecada,Cocktail rodeo Hacendado,"1,75 €",/ud.,Paquete 250 g ," 7,00 €/kg"
Aperitivos >,Frutos secos y fruta desecada,Cocktail natural Hacendado,"2,50 €",/ud.,Paquete 200 g ," 12,50 €/kg"
Aperitivos >,Frutos secos y fruta desecada,Cocktail tostado 0% sal añadida Hacendado,"2,45 €",/ud.,Paquete 200 g ," 12,25 €/kg"
Aperitivos >,Frutos secos y fruta desecada,"Cocktail tostado y ahumado Hacendado compuesto por cacahuete, anacardo y almendra","2,45 €",/ud.,Paquete 200 g ," 12,25 €/kg"
Aperitivos >,Frutos secos y fruta desecada,Cocktail fruta deshidratada Hacendado,"1,60 €",/ud.,Paquete 200 g ," 8,00 €/kg"
Aperitivos >,Frutos secos y fruta desecada,"Cocktail rumba Hacendado compuesto por cacahuetes, maíz frito, pipas de girasol, pipas de calabaza","1,50 €",/ud.,Paquete 300 g ," 5,00 €/kg"
Aperitivos >,Frutos secos y fruta desecada,Pasas sultanas sin semillas Hacendado,"1,30 €",/ud.,Paquete 250 g ," 5,20 €/kg"
Aperitivos >,Frutos secos y fruta desecada,Pasas moscatel sin semillas Hacendado,"1,54 €",/ud.,Paquete 250 g ," 6,16 €/kg"
Aperitivos >,Frutos secos y fruta desecada,Mango deshidratado Hacendado sin azúcar añadido,"1,35 €",/ud.,Paquete 60 g ," 22,50 €/kg"
Aperitivos >,Frutos secos y fruta desecada,Manzana deshidratada Hacendado 100% natural,"0,90 €",/ud.,Paquete 20 g ," 4,50 €/100 g"
Aperitivos >,Frutos secos y fruta desecada,Ciruelas desecadas sin hueso Hacendado,"2,00 €",/ud.,Paquete 250 g ," 8,00 €/kg"
Aperitivos >,Frutos secos y fruta desecada,Dátiles desecados sin hueso Hacendado,"2,16 €",/ud.,Paquete 350 g ," 6,172 €/kg"
Aperitivos >,Frutos secos y fruta desecada,Piña deshidratada Hacendado 100% natural,"1,35 €",/ud.,Paquete 50 g ," 27,00 €/kg"
Aperitivos >,Frutos secos y fruta desecada,Orejones albaricoque Hacendado,"2,55 €",/ud.,Paquete 200 g ," 12,75 €/kg"
Aperitivos >,Frutos secos y fruta desecada,Dátiles en rama Casa Pons,"1,54 €",/ud.,Bandeja 200 g ," 7,70 €/kg"
Aperitivos >,Frutos secos y fruta desecada,Dátiles Medjoul con hueso Hacendado,"4,09 €",/ud.,Bandeja 215 g ," 19,024 €/kg"
Aperitivos >,Patatas fritas y snacks,Patatas fritas extra crujientes Hacendado,"1,50 €",/ud.,Paquete 180 g ," 8,334 €/kg"
Aperitivos >,Patatas fritas y snacks,Patatas fritas clásicas Hacendado,"1,80 €",/pack,2 paquetes x 150 g ," 6,00 €/kg"
Aperitivos >,Patatas fritas y snacks,Patatas fritas receta churrería Hacendado,"1,05 €",/ud.,Paquete 150 g ," 7,00 €/kg"
Aperitivos >,Patatas fritas y snacks,Patatas fritas Lisas Hacendado,"0,90 €",/ud.,Paquete 150 g ," 6,00 €/kg"
Aperitivos >,Patatas fritas y snacks,Patatas fritas onduladas Hacendado sabor jamón serrano,"1,30 €",/ud.,Paquete 170 g ," 7,648 €/kg"
Aperitivos >,Patatas fritas y snacks,Patatas fritas corte ondulado Hacendado,"1,10 €",/ud.,Paquete 180 g ," 6,112 €/kg"
Aperitivos >,Patatas fritas y snacks,Patatas light Hacendado,"1,30 €",/ud.,Paquete 150 g ," 8,667 €/kg"
Aperitivos >,Patatas fritas y snacks,Patatas fritas sabor limón y pimienta Hacendado,"1,20 €",/ud.,Paquete 130 g ," 9,231 €/kg"
Aperitivos >,Patatas fritas y snacks,Pringles original,"1,90 €",/ud.,Bote 165 g ," 11,516 €/kg"
Aperitivos >,Patatas fritas y snacks,Patatas fritas sabor campestre Hacendado,"1,30 €",/ud.,Paquete 150 g ," 8,667 €/kg"
Aperitivos >,Patatas fritas y snacks,Pringles sabor crema agria y cebolla,"1,90 €",/ud.,Bote 165 g ," 11,516 €/kg"
Aperitivos >,Patatas fritas y snacks,Patatas fritas sabor sal y vinagre Hacendado,"1,15 €",/ud.,Paquete 130 g ," 8,847 €/kg"
Aperitivos >,Patatas fritas y snacks,Patatas fritas sabor chili y lima Hacendado,"1,15 €",/ud.,Paquete 130 g ," 8,847 €/kg"
Aperitivos >,Patatas fritas y snacks,Patatas fritas sabor huevo frito Hacendado,"1,15 €",/ud.,Paquete 130 g ," 8,847 €/kg"
Aperitivos >,Patatas fritas y snacks,Patatas fritas 0% sal añadida Hacendado,"1,10 €",/ud.,Paquete 130 g ," 8,462 €/kg"
Aperitivos >,Patatas fritas y snacks,Patatas fritas sabor pollo y limón Hacendado,"1,20 €",/ud.,Paquete 130 g ," 9,231 €/kg"
Aperitivos >,Patatas fritas y snacks,Patatas fritas al punto de sal Lay's,"1,85 €",/ud.,Paquete 195 g ," 9,488 €/kg"
Aperitivos >,Patatas fritas y snacks,Patatas fritas onduladas Munchos sabor queso,"1,15 €",/ud.,Paquete 130 g ," 8,847 €/kg"
Aperitivos >,Patatas fritas y snacks,Patatas fritas onduladas Ruffles sabor jamón,"1,99 €",/ud.,Paquete 190 g ," 10,474 €/kg"
Aperitivos >,Patatas fritas y snacks,Nachos Hacendado,"0,95 €",/ud.,Paquete 150 g ," 6,334 €/kg"
Aperitivos >,Patatas fritas y snacks,Pandilla sabor queso Cheetos,"1,79 €",/ud.,Paquete 75 g ," 23,867 €/kg"
Aperitivos >,Patatas fritas y snacks,Triángulos de maíz Tex-Mex Doritos,"1,99 €",/ud.,Paquete 167 g ," 11,917 €/kg"
Aperitivos >,Patatas fritas y snacks,Pelotazos sabor queso Cheetos Lay´s,"1,79 €",/ud.,Paquete 130 g ," 13,77 €/kg"
Aperitivos >,Patatas fritas y snacks,Nachos tex-mex Hacendado sabor queso,"0,95 €",/ud.,Paquete 150 g ," 6,334 €/kg"
Aperitivos >,Patatas fritas y snacks,Garfitos de maíz sabor queso Hacendado,"0,70 €",/ud.,Paquete 80 g ," 8,75 €/kg"
Aperitivos >,Patatas fritas y snacks,Cuquitos sabor queso Hacendado,"0,75 €",/ud.,Paquete 100 g ," 7,50 €/kg"
Aperitivos >,Patatas fritas y snacks,Conos sabor bacon y queso Hacendado,"0,75 €",/ud.,Paquete 100 g ," 7,50 €/kg"
Aperitivos >,Patatas fritas y snacks,Galletitas saladas Hacendado,"1,30 €",/ud.,Bote 350 g ," 3,715 €/kg"
Aperitivos >,Patatas fritas y snacks,Cuquis Hacendado,"0,75 €",/ud.,Paquete 80 g ," 9,375 €/kg"
Aperitivos >,Patatas fritas y snacks,Combinado de aperitivos Hacendado,"1,40 €",/ud.,Paquete 200 g ," 7,00 €/kg"
Aperitivos >,Patatas fritas y snacks,Bombitas de maíz sabor mantequilla Hacendado,"0,75 €",/ud.,Paquete 80 g ," 9,375 €/kg"
Aperitivos >,Patatas fritas y snacks,Snacks de lenteja sabor queso y especias Snatt's,"1,49 €",/ud.,Paquete 90 g ," 16,556 €/kg"
Aperitivos >,Patatas fritas y snacks,Snack de maíz sabor barbacoa Estrella,"1,45 €",/ud.,Paquete 140 g ," 10,358 €/kg"
Aperitivos >,Patatas fritas y snacks,Torreznos sabor barbacoa Hacendado,"1,55 €",/ud.,Paquete 100 g ," 15,50 €/kg"
Aperitivos >,Patatas fritas y snacks,Trigo snack sabor ahumado Hacendado,"0,75 €",/ud.,Paquete 80 g ," 9,375 €/kg"
Aperitivos >,Patatas fritas y snacks,Patatas fritas paja Hacendado,"1,50 €",/ud.,Paquete 200 g ," 7,50 €/kg"
Aperitivos >,Patatas fritas y snacks,Torreznos Hacendado,"1,65 €",/ud.,Paquete 120 g ," 13,75 €/kg"
Aperitivos >,Patatas fritas y snacks,Surtido de snacks Picoteo de maiz y patata Tosfrit party mix,"1,00 €",/ud.,Paquete 90 g ," 11,112 €/kg"
Aperitivos >,Patatas fritas y snacks,Triángulos de patata Estrella sabor jamón,"1,45 €",/ud.,Paquete 78 g ," 18,59 €/kg"
Aperitivos >,Frutos secos y fruta desecada,Piña deshidratada Hacendado 100% natural,"1,35 €",/ud.,Paquete 50 g ," 27,00 €/kg"
Aperitivos >,Patatas fritas y snacks,Cocktail galletitas de aperitivo Hacendado,"1,40 €",/ud.,Bote 300 g ," 4,667 €/kg"
Aperitivos >,Patatas fritas y snacks,Sticks de patata Hacendado,"0,85 €",/ud.,Paquete 75 g ," 11,334 €/kg"
Aperitivos >,Patatas fritas y snacks,Snack multicereal Hacendado,"1,10 €",/ud.,Paquete 100 g ," 11,00 €/kg"
Aperitivos >,Patatas fritas y snacks,Súper cuquis La Llanura,"1,20 €",/pack,10 paquetes x 6 g ," 20,00 €/kg"
Aperitivos >,Frutos secos y fruta desecada,Manzana deshidratada Hacendado 100% natural,"0,90 €",/ud.,Paquete 20 g ," 4,50 €/100 g"
Aperitivos >,Patatas fritas y snacks,Aros de maíz Hacendado,"0,90 €",/ud.,Paquete 120 g ," 7,50 €/kg"
Aperitivos >,Patatas fritas y snacks,Palomitas caramelo Hacendado,"1,30 €",/ud.,Paquete 120 g ," 10,834 €/kg"
Aperitivos >,Patatas fritas y snacks,Snack de maíz sabor mantequilla Snakis,"0,90 €",/ud.,Paquete 100 g ," 9,00 €/kg"
Aperitivos >,Patatas fritas y snacks,Tiras de maíz frito sabor barbacoa Hacendado,"0,70 €",/ud.,Paquete 150 g ," 4,667 €/kg"
Aperitivos >,Patatas fritas y snacks,Crunchy picante Munchos,"1,00 €",/ud.,Paquete 100 g ," 10,00 €/kg"
"Arroz, legumbres y pasta >",Arroz,Arroz redondo Hacendado,"1,30 €",/ud.,Paquete 1 kg ," 1,30 €/kg"
"Arroz, legumbres y pasta >",Arroz,Arroz largo Hacendado,"1,30 €",/ud.,Paquete 1 kg ," 1,30 €/kg"
"Arroz, legumbres y pasta >",Arroz,Arroz redondo La Fallera,"1,63 €",/ud.,Paquete 1 kg ," 1,63 €/kg"
"Arroz, legumbres y pasta >",Arroz,Arroz cocido basmati Sabroz Brillante,"1,20 €",/pack,2 vasitos x 125 g ," 4,80 €/kg"
"Arroz, legumbres y pasta >",Arroz,Arroz cocido integral Sabroz Brillante,"1,15 €",/pack,2 vasitos x 125 g ," 4,60 €/kg"
"Arroz, legumbres y pasta >",Arroz,Arroz bomba Hacendado,"4,50 €",/ud.,Paquete 1 kg ," 4,50 €/kg"
"Arroz, legumbres y pasta >",Arroz,Quinoa cocida blanca y roja Sabroz Brillante,"1,50 €",/pack,2 vasitos x 125 g ," 6,00 €/kg"
"Arroz, legumbres y pasta >",Arroz,Arroz cocido redondo Sabroz Brillante,"1,15 €",/pack,2 vasitos x 125 g ," 4,60 €/kg"
"Arroz, legumbres y pasta >",Arroz,Arroz redondo J Sendra Hacendado,"1,54 €",/ud.,Paquete 1 kg ," 1,54 €/kg"
"Arroz, legumbres y pasta >",Arroz,Arroz basmati aromático Hacendado,"2,64 €",/ud.,Paquete 1 kg ," 2,64 €/kg"
"Arroz, legumbres y pasta >",Arroz,Arroz integral redondo Hacendado,"1,70 €",/ud.,Paquete 1 kg ," 1,70 €/kg"
"Arroz, legumbres y pasta >",Arroz,Cous cous mediano Bia,"1,95 €",/ud.,Caja 1 kg ," 1,95 €/kg"
"Arroz, legumbres y pasta >",Arroz,Arroz vaporizado Hacendado,"1,54 €",/ud.,Paquete 1 kg ," 1,54 €/kg"
"Arroz, legumbres y pasta >",Arroz,Quinoa Hacendado,"2,40 €",/ud.,Paquete 500 g ," 4,80 €/kg"
"Arroz, legumbres y pasta >",Arroz,Noodles de arroz Acecook,"1,50 €",/ud.,Paquete 200 g ," 7,50 €/kg"
"Arroz, legumbres y pasta >",Arroz,Arroz redondo Sabroz Brillante,"2,68 €",/ud.,Paquete 1 kg ," 2,68 €/kg"
"Arroz, legumbres y pasta >",Legumbres,Garbanzo cocido Hacendado,"0,79 €",/ud.,Tarro 570 g (400 g escurrido) ," 1,975 €/kg"
"Arroz, legumbres y pasta >",Legumbres,Garbanzo cocido Hacendado,"0,70 €",/ud.,Tarro 295 g (210 g escurrido) ," 3,334 €/kg"
"Arroz, legumbres y pasta >",Legumbres,Garbanzo cocido pedrosillano Hacendado categoría extra,"1,06 €",/ud.,Tarro 570 g (400 g escurrido) ," 2,65 €/kg"
"Arroz, legumbres y pasta >",Legumbres,Garbanzo Hacendado categoría extra,"2,20 €",/ud.,Paquete 1 kg ," 2,20 €/kg"
"Arroz, legumbres y pasta >",Legumbres,Garbanzo pedrosillano Hacendado categoría extra,"1,95 €",/ud.,Paquete 1 kg ," 1,95 €/kg"
"Arroz, legumbres y pasta >",Legumbres,Garbanzo lechoso andaluz Hacendado,"2,40 €",/ud.,Paquete 1 kg ," 2,40 €/kg"
"Arroz, legumbres y pasta >",Legumbres,Alubia cocida blanca Hacendado,"0,69 €",/ud.,Tarro 570 g (400 g escurrido) ," 1,725 €/kg"
"Arroz, legumbres y pasta >",Legumbres,Alubia cocida blanca Hacendado,"0,65 €",/ud.,Tarro 295 g (210 g escurrido) ," 3,096 €/kg"
"Arroz, legumbres y pasta >",Legumbres,Alubia cocida roja Hacendado,"1,05 €",/ud.,Tarro 570 g (400 g escurrido) ," 2,625 €/kg"
"Arroz, legumbres y pasta >",Legumbres,Alubia cocida pinta Hacendado,"1,10 €",/ud.,Tarro 570 g (400 g escurrido) ," 2,75 €/kg"
"Arroz, legumbres y pasta >",Legumbres,Alubia blanca Hacendado categoría extra,"1,89 €",/ud.,Paquete 1 kg ," 1,89 €/kg"
"Arroz, legumbres y pasta >",Legumbres,Alubia negra Hacendado categoría extra,"2,40 €",/ud.,Paquete 1 kg ," 2,40 €/kg"
"Arroz, legumbres y pasta >",Legumbres,Alubia roja Hacendado categoría extra,"2,55 €",/ud.,Paquete 1 kg ," 2,55 €/kg"
"Arroz, legumbres y pasta >",Legumbres,Alubia cocida granja Hacendado,"1,50 €",/ud.,Tarro 570 g (350 g escurrido) ," 3,75 €/kg"
"Arroz, legumbres y pasta >",Legumbres,Alubia pinta Hacendado categoría extra,"2,16 €",/ud.,Paquete 1 kg ," 2,16 €/kg"
"Arroz, legumbres y pasta >",Legumbres,Alubia granja Hacendado categoría extra,"2,84 €",/ud.,Paquete 500 g ," 5,68 €/kg"
"Arroz, legumbres y pasta >",Legumbres,Lenteja pardina Hacendado categoría extra,"2,20 €",/ud.,Paquete 1 kg ," 2,20 €/kg"
"Arroz, legumbres y pasta >",Legumbres,Lenteja cocida pardina Hacendado,"0,87 €",/ud.,Tarro 570 g (400 g escurrido) ," 2,175 €/kg"
"Arroz, legumbres y pasta >",Legumbres,Lenteja cocida pardina Hacendado,"0,75 €",/ud.,Tarro 295 g (210 g escurrido) ," 3,572 €/kg"
"Arroz, legumbres y pasta >",Legumbres,Soja texturizada grano fino Hacendado,"1,85 €",/ud.,Paquete 250 g ," 7,40 €/kg"
"Arroz, legumbres y pasta >",Legumbres,Lenteja Hacendado categoría extra,"1,88 €",/ud.,Paquete 1 kg ," 1,88 €/kg"
"Arroz, legumbres y pasta >",Pasta y fideos,Fideo cabello de ángel Hacendado,"0,76 €",/ud.,Paquete 500 g ," 1,52 €/kg"
"Arroz, legumbres y pasta >",Pasta y fideos,Fideuá Hacendado,"0,76 €",/ud.,Paquete 500 g ," 1,52 €/kg"
"Arroz, legumbres y pasta >",Pasta y fideos,Fideo grueso Hacendado,"0,76 €",/ud.,Paquete 500 g ," 1,52 €/kg"
"Arroz, legumbres y pasta >",Pasta y fideos,Pasta estrellas Hacendado para sopa,"0,76 €",/ud.,Paquete 500 g ," 1,52 €/kg"
"Arroz, legumbres y pasta >",Pasta y fideos,Pasta maravilla Hacendado para sopa,"0,76 €",/ud.,Paquete 500 g ," 1,52 €/kg"
"Arroz, legumbres y pasta >",Pasta y fideos,Pasta piñones Hacendado para sopa,"0,76 €",/ud.,Paquete 500 g ," 1,52 €/kg"
"Arroz, legumbres y pasta >",Pasta y fideos,Fideo mediano Hacendado,"0,76 €",/ud.,Paquete 500 g ," 1,52 €/kg"
"Arroz, legumbres y pasta >",Pasta y fideos,Fideo al huevo Hacendado,"1,29 €",/ud.,Paquete 500 g ," 2,58 €/kg"
"Arroz, legumbres y pasta >",Pasta y fideos,Pasta infantil con vegetales Hacendado para sopa,"0,95 €",/ud.,Paquete 500 g ," 1,90 €/kg"
"Arroz, legumbres y pasta >",Pasta y fideos,Fideo integral Hacendado,"1,05 €",/ud.,Paquete 500 g ," 2,10 €/kg"
"Arroz, legumbres y pasta >",Pasta y fideos,Tapioca Tipiak,"1,90 €",/ud.,Caja 225 g ," 8,445 €/kg"
"Arroz, legumbres y pasta >",Pasta y fideos,Fideo sin gluten con quinoa Felicia,"1,81 €",/ud.,Paquete 500 g ," 3,62 €/kg"
"Arroz, legumbres y pasta >",Pasta y fideos,Pajaritas vegetales Hacendado,"0,95 €",/ud.,Paquete 500 g ," 1,90 €/kg"
"Arroz, legumbres y pasta >",Pasta y fideos,Penne integral Hacendado,"0,95 €",/ud.,Paquete 500 g ," 1,90 €/kg"
"Arroz, legumbres y pasta >",Pasta y fideos,Tortiglioni Armando,"1,24 €",/ud.,Paquete 500 g ," 2,48 €/kg"
"Arroz, legumbres y pasta >",Pasta y fideos,Hélices con vegetales Hacendado,"1,45 €",/ud.,Paquete 1 kg ," 1,45 €/kg"
"Arroz, legumbres y pasta >",Pasta y fideos,Macarrón fino Hacendado,"0,76 €",/ud.,Paquete 500 g ," 1,52 €/kg"
"Arroz, legumbres y pasta >",Pasta y fideos,Macarrón al huevo Hacendado,"1,29 €",/ud.,Paquete 500 g ," 2,58 €/kg"
"Arroz, legumbres y pasta >",Pasta y fideos,Macarrón Hacendado,"1,24 €",/ud.,Paquete 1 kg ," 1,24 €/kg"
"Arroz, legumbres y pasta >",Pasta y fideos,Macarrón rayado Hacendado,"0,76 €",/ud.,Paquete 500 g ," 1,52 €/kg"
"Arroz, legumbres y pasta >",Pasta y fideos,Penne Armando,"1,24 €",/ud.,Paquete 500 g ," 2,48 €/kg"
"Arroz, legumbres y pasta >",Pasta y fideos,Fusilli 100% lentejas rojas Felicia,"1,65 €",/ud.,Paquete 250 g ," 6,60 €/kg"
"Arroz, legumbres y pasta >",Pasta y fideos,Trottole vegetales Hacendado,"0,95 €",/ud.,Paquete 500 g ," 1,90 €/kg"
"Arroz, legumbres y pasta >",Pasta y fideos,Pasta tiburón Hacendado,"0,76 €",/ud.,Paquete 500 g ," 1,52 €/kg"
"Arroz, legumbres y pasta >",Pasta y fideos,Penne sin gluten Felicia,"1,81 €",/ud.,Paquete 500 g ," 3,62 €/kg"
"Arroz, legumbres y pasta >",Pasta y fideos,Hélices Hacendado,"0,76 €",/ud.,Paquete 500 g ," 1,52 €/kg"
"Arroz, legumbres y pasta >",Pasta y fideos,Macarrón Hacendado,"0,76 €",/ud.,Paquete 500 g ," 1,52 €/kg"
"Arroz, legumbres y pasta >",Pasta y fideos,Fusilli sin gluten vegetales Felicia,"1,81 €",/ud.,Paquete 500 g ," 3,62 €/kg"
"Arroz, legumbres y pasta >",Pasta y fideos,Spaghetti integral Hacendado,"0,95 €",/ud.,Paquete 500 g ," 1,90 €/kg"
"Arroz, legumbres y pasta >",Pasta y fideos,Spaghetti fino Hacendado,"0,76 €",/ud.,Paquete 500 g ," 1,52 €/kg"
"Arroz, legumbres y pasta >",Pasta y fideos,Nidos al huevo tagliatelle Hacendado,"1,29 €",/ud.,Paquete 500 g ," 2,58 €/kg"
"Arroz, legumbres y pasta >",Pasta y fideos,Spaghetti al huevo Hacendado,"1,29 €",/ud.,Paquete 500 g ," 2,58 €/kg"
"Arroz, legumbres y pasta >",Pasta y fideos,Spaghetti Hacendado,"1,24 €",/ud.,Paquete 1 kg ," 1,24 €/kg"
"Arroz, legumbres y pasta >",Pasta y fideos,Spaghetti sin gluten con quinoa Felicia,"1,81 €",/ud.,Paquete 500 g ," 3,62 €/kg"
"Arroz, legumbres y pasta >",Pasta y fideos,Spaghetti Armando,"1,24 €",/ud.,Caja 500 g ," 2,48 €/kg"
"Arroz, legumbres y pasta >",Pasta y fideos,Pasta fresca tagliatelle al huevo Hacendado,"1,19 €",/ud.,Paquete 250 g ," 4,76 €/kg"
"Arroz, legumbres y pasta >",Pasta y fideos,Pasta fresca tortellini carne Hacendado,"1,72 €",/ud.,Bandeja 250 g ," 6,88 €/kg"
"Arroz, legumbres y pasta >",Pasta y fideos,Pasta fresca ravioli ricotta y espinacas Hacendado,"1,72 €",/ud.,Bandeja 250 g ," 6,88 €/kg"
"Arroz, legumbres y pasta >",Pasta y fideos,Tortellini con tres quesos Pagani,"1,24 €",/ud.,Paquete 250 g ," 4,96 €/kg"
"Arroz, legumbres y pasta >",Pasta y fideos,Pasta fresca gnocchi Hacendado de patata,"1,12 €",/ud.,Paquete 500 g ," 2,24 €/kg"
"Arroz, legumbres y pasta >",Pasta y fideos,Pasta fresca medialunas setas con boletus Hacendado,"2,24 €",/ud.,Bandeja 250 g ," 8,96 €/kg"
"Arroz, legumbres y pasta >",Pasta y fideos,Tortellini con ricotta y espinacas Pagani,"1,24 €",/ud.,Paquete 250 g ," 4,96 €/kg"
"Arroz, legumbres y pasta >",Pasta y fideos,Pasta fresca medialunas parmigiano reggiano y trufa Hacendado,"2,48 €",/ud.,Bandeja 250 g ," 9,92 €/kg"
"Arroz, legumbres y pasta >",Pasta y fideos,"Pasta fresca redondos berenjena, tomate y mozzarella Hacendado","2,24 €",/ud.,Bandeja 250 g ," 8,96 €/kg"
"Arroz, legumbres y pasta >",Pasta y fideos,Pasta fresca tortellini jamón y queso Hacendado,"1,72 €",/ud.,Paquete 250 g ," 6,88 €/kg"
"Arroz, legumbres y pasta >",Pasta y fideos,Pasta fresca gnocchi de quesos Hacendado y patata,"1,91 €",/ud.,Paquete 400 g ," 4,775 €/kg"
"Arroz, legumbres y pasta >",Pasta y fideos,Pasta fresca girasoles de queso de cabra y cebolla caramelizada Hacendado,"2,24 €",/ud.,Bandeja 250 g ," 8,96 €/kg"
"Arroz, legumbres y pasta >",Pasta y fideos,Placas para canelones tradicionales Hacendado,"0,67 €",/ud.,Caja 20 placas (160 g) ," 4,188 €/kg"
"Arroz, legumbres y pasta >",Pasta y fideos,Fideos orientales Yatekomo sabor pollo Gallina Blanca,"3,95 €",/pack,3 vasos x 60 g ," 21,945 €/kg"
"Arroz, legumbres y pasta >",Pasta y fideos,Fideos orientales Yatekomo sabor pollo Gallina Blanca,"1,55 €",/ud.,Vaso 60 g ," 25,834 €/kg"
"Arroz, legumbres y pasta >",Pasta y fideos,Pasta oriental sabor pollo Maggi,"0,80 €",/ud.,Paquete 71 g ," 11,268 €/kg"
"Arroz, legumbres y pasta >",Pasta y fideos,Fideos orientales Yakisoba sabor soja Hacendado,"0,90 €",/ud.,Paquete 90 g ," 10,00 €/kg"
"Arroz, legumbres y pasta >",Pasta y fideos,Fideos orientales sabor pollo Hacendado,"0,95 €",/ud.,Vaso 65 g ," 14,616 €/kg"
"Azúcar, caramelos y chocolate >",Azúcar y edulcorante,Azúcar blanco,"1,35 €",/ud.,Paquete 1 kg ," 1,35 €/kg"
"Azúcar, caramelos y chocolate >",Azúcar y edulcorante,Azúcar blanco en sobres Acor,"1,40 €",/ud.,Caja 50 sticks (350 g) ," 4,00 €/kg"
"Azúcar, caramelos y chocolate >",Azúcar y edulcorante,Azúcar moreno de caña Acor,"1,85 €",/ud.,Caja 1 kg ," 1,85 €/kg"
"Azúcar, caramelos y chocolate >",Azúcar y edulcorante,Azúcar moreno de caña integral en sobres Acor,"1,55 €",/ud.,Caja 50 sobres (350 g) ," 4,429 €/kg"
"Azúcar, caramelos y chocolate >",Azúcar y edulcorante,Panela azúcar moreno de caña integral Hacendado sin refinar,"1,85 €",/ud.,Paquete 500 g ," 3,70 €/kg"
"Azúcar, caramelos y chocolate >",Azúcar y edulcorante,Azúcar glas Sidul,"1,40 €",/ud.,Bote 250 g ," 5,60 €/kg"
"Azúcar, caramelos y chocolate >",Azúcar y edulcorante,Edulcorante líquido sacarina Hacendado,"0,85 €",/ud.,Bote 150 ml ," 5,667 €/L"
"Azúcar, caramelos y chocolate >",Azúcar y edulcorante,Edulcorante en pastillas sacarina Hacendado,"1,15 €",/ud.,Bote 850 pastillas (52 g) ," 22,116 €/kg"
"Azúcar, caramelos y chocolate >",Azúcar y edulcorante,Edulcorante en sobres sacarina Hacendado,"1,20 €",/ud.,Caja 60 sobres (60 g) ," 20,00 €/kg"
"Azúcar, caramelos y chocolate >",Azúcar y edulcorante,Sirope de agave,"2,50 €",/ud.,Bote 350 g ," 7,143 €/kg"
"Azúcar, caramelos y chocolate >",Azúcar y edulcorante,Edulcorante líquido stevia Hacendado,"2,05 €",/ud.,Bote 150 ml ," 13,667 €/L"
"Azúcar, caramelos y chocolate >",Azúcar y edulcorante,Edulcorante granulado stevia Hacendado,"3,15 €",/ud.,Bote 200 g ," 15,75 €/kg"
"Azúcar, caramelos y chocolate >",Azúcar y edulcorante,Edulcorante en pastillas stevia Hacendado,"1,85 €",/ud.,Bote 175 pastillas (9 g) ," 20,556 €/100 g"
"Azúcar, caramelos y chocolate >",Azúcar y edulcorante,Edulcorante en sobres stevia Hacendado,"2,00 €",/ud.,Caja 54 sobres (54 g) ," 37,038 €/kg"
"Azúcar, caramelos y chocolate >",Azúcar y edulcorante,Edulcorante Eritritol y Sucralosa Hacendado,"3,25 €",/ud.,Bote 200 g ," 16,25 €/kg"
"Azúcar, caramelos y chocolate >",Chicles y caramelos,Chicle menta fuerte gragea Hacendado,"0,95 €",/ud.,Paquete 32 chicles (45 g) ," 2,112 €/100 g"
"Azúcar, caramelos y chocolate >",Chicles y caramelos,Chicle menta fuerte gragea Hacendado,"1,95 €",/ud.,Bote 70 chicles (100 g) ," 19,50 €/kg"
"Azúcar, caramelos y chocolate >",Chicles y caramelos,Chicle hierbabuena gragea Hacendado,"0,95 €",/ud.,Paquete 32 chicles (45 g) ," 2,112 €/100 g"
"Azúcar, caramelos y chocolate >",Chicles y caramelos,Chicle hierbabuena gragea Hacendado,"1,95 €",/ud.,Bote 70 chicles (100 g) ," 19,50 €/kg"
"Azúcar, caramelos y chocolate >",Chicles y caramelos,Chicle hierbabuena lámina Hacendado,"0,95 €",/ud.,Paquete 12 chicles (31 g) ," 3,065 €/100 g"
"Azúcar, caramelos y chocolate >",Chicles y caramelos,Chicle menta suave gragea Hacendado,"0,95 €",/ud.,Paquete 32 chicles (45 g) ," 2,112 €/100 g"
"Azúcar, caramelos y chocolate >",Chicles y caramelos,Chicle fresa gragea Hacendado,"0,95 €",/ud.,Paquete 32 chicles (45 g) ," 2,112 €/100 g"
"Azúcar, caramelos y chocolate >",Chicles y caramelos,Chicle fresa gragea Hacendado,"1,95 €",/ud.,Bote 70 chicles (100 g) ," 19,50 €/kg"
"Azúcar, caramelos y chocolate >",Chicles y caramelos,Chicle original sabor frutas gragea Hacendado,"0,95 €",/ud.,Paquete 32 chicles (45 g) ," 2,112 €/100 g"
"Azúcar, caramelos y chocolate >",Chicles y caramelos,Chicle regaliz y menta gragea Hacendado,"1,25 €",/ud.,Paquete 32 chicles (45 g) ," 2,778 €/100 g"
"Azúcar, caramelos y chocolate >",Chicles y caramelos,Chicle sandía lámina Hacendado,"0,95 €",/ud.,Paquete 12 chicles (31 g) ," 3,065 €/100 g"
"Azúcar, caramelos y chocolate >",Chicles y caramelos,"Chicle XXL gragea Hacendado sabor a melón, fresa, melocotón y frambuesa","1,75 €",/ud.,Paquete 25 chicles (100 g) ," 17,50 €/kg"
"Azúcar, caramelos y chocolate >",Chicles y caramelos,Chicle jengibre gragea Hacendado,"1,25 €",/ud.,Paquete 32 chicles (45 g) ," 2,778 €/100 g"
"Azúcar, caramelos y chocolate >",Chicles y caramelos,"Chicle mentol mix XXL gragea Hacendado sabor a eucalipto, limón mentolado, menta y naranja mentolada","1,75 €",/ud.,Paquete 25 chicles (100 g) ," 17,50 €/kg"
"Azúcar, caramelos y chocolate >",Chicles y caramelos,Chicle frutos rojos lámina Hacendado,"0,95 €",/ud.,Paquete 12 chicles (31 g) ," 3,065 €/100 g"
"Azúcar, caramelos y chocolate >",Chicles y caramelos,Caramelos nata Hacendado 0% azúcares,"1,15 €",/ud.,Paquete 90 g ," 12,778 €/kg"
"Azúcar, caramelos y chocolate >",Chicles y caramelos,Caramelos café Hacendado 0% azúcares,"1,15 €",/ud.,Paquete 90 g ," 12,778 €/kg"
"Azúcar, caramelos y chocolate >",Chicles y caramelos,Caramelos sabor eucalipto y mentol Hacendado 0% azúcares,"0,90 €",/ud.,Paquete 90 g ," 10,00 €/kg"
"Azúcar, caramelos y chocolate >",Chicles y caramelos,"Caramelos surtidos 6 sabores Hacendado melón, limón, piña, mora, naranja y fresa","1,10 €",/ud.,Paquete 150 g ," 7,334 €/kg"
"Azúcar, caramelos y chocolate >",Chicles y caramelos,Caramelos eucaliptus mentol Respiral Halls,"1,75 €",/ud.,Paquete 150 g ," 11,667 €/kg"
"Azúcar, caramelos y chocolate >",Chicles y caramelos,Caramelos cítricos mix Halls,"2,35 €",/pack,4 paquetes x 32 g ," 18,36 €/kg"
"Azúcar, caramelos y chocolate >",Chicles y caramelos,Caramelos original Halls,"2,35 €",/pack,4 paquetes x 32 g ," 18,36 €/kg"
"Azúcar, caramelos y chocolate >",Chicles y caramelos,"Caramelos blandos Fruits Hacendado sabor limón, naranja, cereza, fresa y piña","1,50 €",/ud.,Paquete 300 g ," 5,00 €/kg"
"Azúcar, caramelos y chocolate >",Chicles y caramelos,Caramelos miel sabor limón Pifarré,"1,00 €",/ud.,Paquete 125 g ," 8,00 €/kg"
"Azúcar, caramelos y chocolate >",Chicles y caramelos,"Caramelos blandos rellenos Dolis sabor limón, naranja, cereza y fresa","2,00 €",/ud.,Paquete 300 g ," 6,667 €/kg"
"Azúcar, caramelos y chocolate >",Chicles y caramelos,"Caramelos con palo 4 sabores Chupa Chups limón, fresa, cola y fresa/nata","1,90 €",/ud.,Paquete 12 ud. (144 g) ," 13,195 €/kg"
"Azúcar, caramelos y chocolate >",Chicles y caramelos,Caramelos menta minigrageas Smint,"2,20 €",/pack,2 ud. x 8 g ," 13,75 €/100 g"
"Azúcar, caramelos y chocolate >",Chicles y caramelos,Caramelos regaliz mentol Respiral Halls,"1,75 €",/ud.,Paquete 150 g ," 11,667 €/kg"
"Azúcar, caramelos y chocolate >",Chicles y caramelos,Caramelos jengibre y própolis Hacendado 0% azúcares,"1,35 €",/ud.,Paquete 90 g ," 15,00 €/kg"
"Azúcar, caramelos y chocolate >",Chicles y caramelos,Caramelos Mix Fruits Hacendado 0% azúcares,"1,15 €",/ud.,Paquete 100 g ," 11,50 €/kg"
"Azúcar, caramelos y chocolate >",Chicles y caramelos,Caramelos con palo Cherry Stick Hacendado con chicle sabor cereza,"1,30 €",/ud.,Paquete 7 ud. (105 g) ," 12,381 €/kg"
"Azúcar, caramelos y chocolate >",Chicles y caramelos,Caramelos sabor eucalipto y mentol Hacendado,"1,15 €",/ud.,Paquete 150 g ," 7,667 €/kg"
